47620338,0.1951941,4.3122325,8.2233
47620348,0.2335144,4.2152343,8.062833
47620447,0.039517824,4.411626,8.283175
47620447,0.039517824,4.411626,8.283175
47620457,0.03592529,4.4319835,8.224497
47620467,0.04790039,4.439169,8.249645
47620477,0.014370117,4.446354,8.165819
47620487,-0.09101074,4.3421702,8.049661
47620496,-0.21315674,4.2858872,8.183782
47620506,-0.03592529,4.0487804,8.090376
47620516,0.0035925293,3.7805383,8.053253
47620526,0.008382568,3.6021094,8.047266
47620536,0.13172607,3.4775684,8.122708
47620546,0.21435425,3.6092944,8.046068
47620556,0.10178833,3.7062926,7.95386
47620566,0.08981323,3.7074902,7.8987746
47620576,0.09939331,3.8655615,7.6904078
47620585,0.11735596,3.6428246,7.5981994
47620595,0.36284545,3.3458424,7.6329274
47620605,0.55803955,2.9446764,7.7742333
47620615,0.74006104,2.7422974,8.229287
47620625,0.9855505,2.682422,8.363408
47620635,1.1124866,2.5447083,8.580157
47620645,1.2070899,2.5004003,8.787327
47620655,1.1160791,2.650089,8.988508
47620665,1.1436218,2.689607,8.787327
47620674,1.3004956,2.7686427,8.897497
47620684,1.3795313,2.6572742,8.849597
47620694,1.4406042,2.9087512,8.911868
47620704,1.3519886,3.2045362,8.787327
47620714,1.1951147,3.4141004,8.784931
47620724,0.99872315,3.5530114,8.790919
47620734,0.7232959,3.566184,8.762179
47620744,0.5736072,3.5853443,8.796906
47620754,0.4538562,3.549419,8.565787
47620763,0.26345214,3.5039136,8.624465
47620773,-0.039517824,3.3626075,9.054371
47620783,-0.33410522,3.0764027,9.402846
47620793,-0.58438474,2.9758117,9.429192
47620803,-0.6753955,2.821333,9.304651
47620813,-0.6011499,2.5686584,9.0639515
47620823,-0.6598279,2.2070105,8.704699
47620833,-0.49457154,1.7315991,8.180189
47620843,0.17962646,0.87298465,7.2078114
47620852,1.0777588,-0.7089258,6.173163
47620862,2.2070105,-3.1734009,4.819977
47620872,3.5063086,-5.846243,4.404441
47620882,4.8080015,-8.243657,5.278623
47620892,6.3503942,-9.976454,5.8187
47620902,7.452103,-10.510543,5.9025254
47620912,8.017328,-10.2458935,4.60682
47620922,8.034093,-9.726174,2.5662634
47620932,7.8867993,-9.430389,0.60354495
47620941,7.850874,-10.529703,-0.28620484
47620951,7.7886033,-11.145224,1.7232165
47620961,6.8186207,-11.612252,3.624862
47620971,5.3265233,-11.278147,4.8499146
47620981,3.4655933,-9.650731,4.0320153
47620991,2.4836352,-7.08327,2.1159997
47621001,2.215393,-4.926555,-0.37721556
47621011,2.7518775,-4.108656,-2.020199
47621021,3.5482213,-5.442682,-2.271676
47621030,4.0164475,-8.751401,-0.8825647
47621040,4.700226,-11.087743,1.6705261
47621050,4.684658,-11.809841,3.9218445
47621060,3.942202,-11.238629,5.6175184
47621070,2.7973828,-10.044712,6.0318565
47621080,2.311194,-9.041199,7.8724294
47621090,0.5616321,-8.265212,14.584472
47621100,-1.8585352,-11.857741,20.430714
47621110,-0.62989014,-12.934303,10.223141
47621120,3.0404773,-11.29132,5.811515
47621129,5.7564297,-11.044633,2.5207582
47621139,7.156318,-9.54535,1.7998571
47621149,6.5599585,-8.935818,1.4513818
47621159,4.90979,-8.595725,1.7435743
47621169,3.681145,-8.947793,2.2297633
47621179,3.8559813,-9.174122,2.286046
47621189,4.822372,-8.816067,1.299298
47621199,5.5049524,-8.110734,-0.043110352
47621209,5.8151073,-7.67484,-0.7532337
47621218,5.5732102,-7.6724453,-1.035846
47621228,5.391189,-7.5754466,-1.353186
47621238,5.4558544,-7.276069,-1.8130298
47621248,5.436694,-7.0736904,-1.7160316
47621258,5.3947816,-7.218589,-1.6753162
47621268,5.301376,-7.4664736,-1.1927197
47621278,5.102589,-7.547904,-0.46343628
47621288,4.605623,-7.716753,0.9340576
47621298,4.0116577,-9.310638,4.6199927
47621307,-0.70772827,-11.551179,12.452904
47621317,-3.69312,-11.733201,9.845925
47621327,-1.3711487,-11.678115,4.0415955
47621337,5.464237,-10.159673,2.9482691
47621347,7.9454775,-13.149855,2.2441332
47621357,7.2952294,-15.291002,4.4200087
47621367,4.126619,-15.463444,6.891669
47621377,1.3519886,-13.986914,8.883127
47621387,0.18082398,-12.754677,8.806487
47621396,1.1376343,-11.987073,7.739506
47621406,3.5853443,-11.237432,5.7923546
47621416,5.86181,-10.2387085,3.478766
47621426,7.501201,-9.202863,1.6932788
47621436,8.438851,-7.870034,0.46104127
47621446,8.875942,-6.0222764,-0.47062135
47621456,8.811276,-4.235592,-1.4609619
47621466,8.572972,-3.2404613,-1.5435901
47621476,8.496332,-3.1757958,-1.2861255
47621485,8.377778,-3.7050953,-0.98674804
47621495,8.041278,-3.984115,-0.4754114
47621505,7.332352,-3.5901344,0.47660887
47621515,6.312074,-2.5530908,1.1663746
47621525,4.867877,-0.72928345,2.15911
47621535,3.3721876,0.9364526,3.2787817
47621545,2.0525317,2.9123437,4.326603
47621555,0.93884766,3.7973034,4.902605
47621565,-0.9352551,3.4560132,6.932384
47621575,-0.7161108,3.5601966,9.889035
47621584,-6.2414207,-2.1579125,12.778626
47621594,-5.0582814,-4.827162,15.929275
47621604,-1.2729529,-4.428391,17.030983
47621614,-5.611531,-4.4259963,15.68618
47621624,5.437892,-0.33410522,15.064672
47621634,5.863008,-0.97716796,12.134366
47621644,3.1422656,-3.0105395,10.153686
47621654,3.7003052,-3.0249097,8.496332
47621664,5.374424,-2.3854394,6.680907
47621673,6.878496,-2.198628,5.239105
47621683,7.6688523,-2.753075,5.0115786
47621693,7.8568616,-4.0535707,4.7529163
47621703,7.96344,-4.6080174,3.6164794
47621713,8.116721,-4.111051,2.2201831
47621723,8.267608,-2.762655,1.101709
47621733,8.098759,-2.3507116,0.6885681
47621743,7.6472974,-3.060835,1.8573376
47621753,6.539601,-4.1194334,4.2559495
47621762,5.2558703,-5.5468655,6.6114516
47621772,2.9111462,-7.573052,15.447876
47621782,-0.6730005,-8.504714,21.445005
47621792,-0.90411985,-1.8082397,14.246774
47621802,0.7220984,1.6789087,9.326206
47621812,0.857417,2.403402,11.037448
47621822,0.20357665,1.2969031,12.767849
47621832,-0.23710693,0.43349853,13.692327
47621841,0.3412903,0.23950195,13.780942
47621851,1.1053015,0.067060545,13.14267
47621861,1.4992822,-0.16765137,12.509187
47621871,1.7304016,-0.32572266,11.6948805
47621881,2.4141798,-0.7113208,8.869955
47621891,3.6919227,-1.6058606,7.0748878
47621901,5.243895,-3.5290613,5.882168
47621911,6.598279,-5.726492,4.614005
47621921,6.744375,-6.659352,2.994972
47621931,7.4856334,-7.3287597,-0.40116578
47621940,8.614885,-8.1634245,-1.531615
47621950,9.792037,-8.923842,-1.8501526
47621960,10.5692215,-10.158475,-2.5542884
47621970,10.939252,-10.691367,-2.5494983
47621980,10.808723,-10.320139,-2.5435107
47621990,10.036329,-9.210048,-2.5435107
47622000,8.129894,-6.9922595,-2.1004322
47622010,5.9468336,-4.9277525,-1.155597
47622020,4.2906775,-3.2057335,1.4944922
47622029,3.747008,-2.6704469,4.675078
47622039,3.2775843,-3.2177088,8.390951
47622049,1.9303857,-3.6871326,13.285173
47622059,0.11735596,-3.7278478,17.689613
47622069,-1.3316308,-2.8668385,20.175644
47622079,-2.3195765,-1.1687695,20.794758
47622089,-2.753075,0.6286926,20.024757
47622099,-2.7327173,2.198628,18.790125
47622109,-2.3722668,3.5194812,17.223783
47622118,-1.2693603,4.3924656,15.443086
47622128,0.6538403,4.1781116,12.9678335
47622138,2.5087829,2.8524683,11.673326
47622148,3.4751732,0.9568103,11.235037
47622158,3.7733533,-0.2945874,10.729688
47622168,4.411626,-1.1244617,9.606423
47622178,5.2882032,-1.9160156,8.019723
47622188,6.321654,-2.7267296,5.943241
47622198,6.934779,-3.1530433,4.1397915
47622207,7.225774,-3.0524523,2.4644752
47622217,7.5742493,-3.1302905,0.5903723
47622227,7.853269,-3.1566358,-0.63468015
47622237,7.728728,-3.305127,-1.0921289
47622247,7.350315,-3.3063245,-0.7580237
47622257,6.058202,-2.906356,-0.05987549
47622267,5.191205,-3.0009594,0.05149292
47622277,5.0942063,-3.1398706,0.70772827
47622287,5.029541,-3.7709582,1.648971
47622296,4.5134144,-4.533772,3.9829175
47622306,3.558999,-4.7888417,6.356382
47622316,2.222578,-4.453539,7.486831
47622326,1.1939173,-4.4954515,8.690329
47622336,0.2586621,-5.0798364,9.884246
47622346,0.19758911,-5.7684045,10.49258
47622356,0.5185217,-5.158872,10.843451
47622366,0.76760375,-4.437971,9.078321
47622376,0.8837622,-4.643943,7.4568934
47622385,0.86699706,-6.314469,6.4797254
47622395,1.1388317,-8.212522,6.211483
47622405,1.83698,-11.3008995,6.1911254
47622415,2.591411,-14.219231,7.8963795
47622425,2.9446764,-17.386644,10.099797
47622435,3.1734009,-19.888243,10.637479
47622445,3.8080812,-20.02835,9.527388
47622455,4.237987,-17.42257,7.63652
47622465,4.653523,-13.861176,5.7193065
47622474,4.6415477,-11.166779,4.093088
47622484,4.196074,-10.223141,3.5673816
47622494,3.8092785,-10.734478,4.5205994
47622504,3.7434156,-10.885364,5.988746
47622514,3.984115,-10.21835,6.7324
47622524,3.5410364,-8.632848,6.779103
47622534,2.941084,-6.72282,6.009104
47622544,2.3267615,-5.2187476,5.5696177
47622554,1.6166382,-4.3397756,5.696554
47622563,-4.6619053,25.738077,19.955303
47622573,-5.564828,27.561884,5.398374
47622583,5.4726195,2.0022364,-22.710773
47622593,-5.0654664,-8.171806,-6.827003
47622603,-5.3193383,-11.758348,5.670209
47622613,2.6692493,-11.396701,14.249168
47622623,4.5792775,-13.798905,15.511344
47622633,4.4655137,-14.713802,11.7511635
47622643,4.3697133,-12.904366,11.039843
47622652,3.1183155,-11.245814,7.6053843
47622662,3.1889684,-8.778944,4.60203
47622672,4.0906935,-6.918014,1.0801538
47622682,5.156477,-5.6223083,-0.62031007
47622692,6.411467,-5.8390574,1.7663269
47622702,6.2785435,-8.28557,5.464237
47622712,5.49178,-10.806328,8.660391
47622722,4.7181883,-11.706856,10.006392
47622731,4.0320153,-10.530901,10.011182
47622741,3.6440222,-9.008866,9.308244
47622751,3.3159046,-8.539442,9.408834
47622761,3.0368848,-8.6280575,9.612411
47622771,2.6405091,-8.92504,9.389674
47622781,2.1734803,-9.536968,9.47829
47622791,1.7519568,-10.484198,10.933264
47622801,0.81550413,-3.6164794,16.62862
47622811,0.24668701,-10.48779,13.276791
47622820,-3.505111,-11.803854,4.179309
47622830,-5.325326,-11.765533,-1.8681152
47622840,-3.624862,-9.565708,-2.3626869
47622850,0.66701293,-10.353669,-2.3327491
47622860,3.9002893,-11.706856,-1.7699194
47622870,8.434061,-14.112653,-0.19758911
47622880,12.108021,-17.008232,1.0933264
47622890,14.103072,-18.77815,2.262096
47622900,13.351036,-17.029787,1.2861255
47622910,9.414822,-12.549902,-2.962639
47622919,6.580316,-7.380253,-6.7288074
47622929,5.4342995,-3.2296839,-11.409873
47622939,4.4691067,-0.22513184,-12.29603
47622949,4.925358,1.2777429,-10.336905
47622959,5.021158,0.857417,-7.635322
47622969,4.949308,-0.6969507,-5.542075
47622979,5.007986,-1.8130298,-2.9087512
47622989,4.677473,-2.0633094,0.3293152
47622998,3.8272412,-0.98794556,3.7242553
47623008,2.6297314,1.419049,6.133645
47623018,1.4717395,3.8416114,6.653364
47623028,0.6430628,5.2630553,5.5289025
47623038,0.5233118,4.3134303,4.0164475
47623048,1.0466236,2.44771,4.00567
47623058,1.6693286,-1.4334192,3.9948926
47623068,1.0214758,-30.614338,-6.716832
47623078,10.98835,-27.690018,19.703825
47623088,2.2129982,-16.7831,33.55542
47623097,9.3381815,-17.535135,6.052214
47623107,5.7348742,-10.435101,9.906999
47623117,0.6610254,-12.963043,5.5312977
47623127,3.9829175,-10.027946,9.144184
47623137,5.9528213,-9.830358,7.198231
47623147,7.3778577,-8.411308,2.990182
47623157,8.460406,-6.387517,0.31494507
47623167,8.089178,-5.019961,0.2945874
47623177,7.444918,-4.550537,-0.031135254
47623186,6.892866,-3.317102,-1.0418335
47623196,6.539601,-1.9926562,-2.6620643
47623206,6.2306433,-0.5292993,-3.3314722
47623216,5.612728,0.5771997,-2.77463
47623226,5.037924,1.2729529,-2.4081922
47623236,4.4738965,2.1483326,-1.9722986
47623246,4.0499783,2.7339149,-1.5579602
47623256,3.8044884,2.0585194,-1.2166699
47623265,4.758904,-12.919933,-4.5864625
47623275,9.190887,-25.768015,-2.1255798
47623285,8.317903,-14.907799,27.691216
47623295,3.422483,-16.209492,3.009342
47623305,5.932463,-8.322693,2.0357666
47623315,4.064348,-5.3193383,-0.53289187
47623325,3.1542406,-4.622388,-0.6143225
47623335,4.508624,-5.316943,1.8848804
47623345,4.694238,-6.835386,5.0487013
47623355,4.2954674,-8.511899,7.4030056
47623364,4.677473,-10.292597,8.575367
47623374,5.2019825,-12.032578,7.595804
47623384,5.7851696,-11.049422,7.08327
47623394,6.6641417,-8.31431,4.491859
47623404,6.791078,-5.2259326,1.9722986
47623414,6.43422,-3.5266662,0.0071850587
47623424,5.9839563,-2.7913952,-0.6753955
47623434,5.4702244,-2.5399182,-1.1819421
47623444,5.22234,-2.2489233,-2.032174
47623453,5.454657,-2.0872595,-1.905238
47623463,6.0402393,-2.9027636,-0.8981323
47623473,6.4330225,-4.538562,0.31135255
47623483,6.46775,-6.0689793,1.3579761
47623493,5.9839563,-7.301217,1.8058448
47623503,4.797224,-7.796986,2.2321582
47623513,3.5757642,-8.356223,3.06802
47623523,2.7243347,-9.639954,4.743336
47623533,2.2405407,-11.535611,6.476133
47623542,2.0261865,-13.561798,8.897497
47623552,1.84656,-14.640755,10.47821
47623562,1.607058,-14.264736,9.942924
47623572,1.7076489,-12.9822035,9.065149
47623582,2.2141955,-11.559562,8.656798
47623592,2.290836,-9.893826,8.529862
47623602,2.1016297,-7.961045,8.6136875
47623612,1.8250049,-6.7994604,8.558602
47623622,1.726809,-6.222261,9.004076
47623631,1.7950672,-6.1599903,9.621991
47623641,1.7459693,-5.9564137,9.813593
47623651,1.658551,-5.4067564,9.504635
47623661,1.355581,-4.6247826,8.974138
47623671,1.101709,-3.9913,8.33347
47623681,1.0490185,-3.542234,7.6317296
47623691,1.2418176,-2.994972,7.04495
47623701,1.475332,-2.5530908,6.470145
47623710,1.7028589,-2.459685,6.060597
47623720,1.8525476,-2.5279431,6.1791506
47623730,1.9866687,-2.767445,6.4881077
47623740,2.2213807,-3.145858,7.2269716
47623750,2.3926246,-3.5170863,8.711884
47623760,2.3147864,-4.079916,11.163186
47623770,1.8046472,-4.8810496,13.711487
47623780,1.0490185,-6.177953,16.105309
47623790,0.09101074,-7.4640784,18.259628
47623800,-0.5041516,-8.153844,18.68714
47623809,-0.7472461,-8.315508,17.25492
47623819,-0.55324954,-8.173004,14.349759
47623829,-0.0059875487,-9.426797,12.988191
47623839,0.48139894,-11.668535,13.48396
47623849,-0.68018556,-12.5954075,12.415781
47623859,-1.5040723,-8.914263,12.339141
47623869,-0.9903406,-5.0798364,10.417137
47623879,-0.47062135,-2.858456,8.489147
47623889,0.70174074,-2.2632935,7.374265
47623898,2.2728736,-2.518363,7.2078114
47623908,3.5877392,-2.7722352,6.4497876
47623918,4.4487486,-2.6800268,4.9229627
47623928,4.482279,-2.3770568,2.9877868
47623938,4.014053,-2.0704944,1.5615528
47623948,3.253634,-1.3903089,-0.38679564
47623958,2.7662475,-1.1160791,-2.9817994
47623968,2.642904,-1.1292517,-5.2702403
47623978,2.7195446,-1.7531543,-7.0952454
47623987,3.422483,-3.075205,-8.365803
47623997,4.397256,-4.580475,-8.584948
47624007,5.2965856,-6.029462,-7.1994286
47624017,5.979166,-7.013815,-4.782854
47624027,6.377937,-6.9120264,-1.4429992
47624037,7.4161777,-5.652246,2.2800586
47624047,7.5347314,-4.143384,4.179309
47624057,6.7683253,-3.6524048,4.240382
47624067,6.267766,-3.974535,2.3543043
47624076,7.094048,-4.4906616,0.2335144
47624086,9.617201,-4.428391,-0.24189697
47624096,12.027788,-3.3386571,0.39996827
47624106,13.318704,-3.1207104,0.429906
47624116,13.592934,-4.564907,1.4154565
47624126,12.7007885,-6.3959,4.0535707
47624136,11.38712,-7.213799,5.771997
47624146,10.4003725,-6.4557753,5.757627
47624156,9.912986,-4.6834607,4.2655296
47624165,9.715397,-3.138673,2.4932153
47624175,9.239985,-2.327959,1.2034973
47624185,8.25683,-2.1627026,1.1472144
47624195,7.110813,-2.7231371,1.8884729
47624205,6.3180614,-3.3362622,3.6703675
47624215,5.7288866,-3.798501,5.471422
47624225,5.20797,-4.2715173,6.270161
47624235,4.590055,-4.5768824,6.707252
47624245,4.3026524,-5.2498827,7.004235
47624254,4.094286,-6.605464,7.555089
47624264,4.106261,-8.405321,8.568182
47624274,4.1026683,-9.903406,9.695039
47624284,3.993695,-11.67093,8.822055
47624294,4.0104604,-13.651611,8.084389
47624304,4.533772,-14.428795,7.4245605
47624314,5.190007,-14.274317,5.595963
47624324,6.1623855,-13.091177,2.6860144
47624333,7.5227566,-10.95482,0.16645385
47624343,8.840017,-8.181387,-1.2430152
47624353,9.889035,-5.612728,-2.630929
47624363,11.340418,-3.6212695,-3.4631982
47624373,12.463681,-2.1387525,-3.1913636
47624383,12.486434,-2.5363257,-2.44292
47624393,11.864926,-4.460724,-1.3040881
47624403,10.882969,-6.680907,0.24548951
47624413,10.1896105,-9.047186,0.6095325
47624422,9.116642,-10.027946,0.93286014
47624432,8.337063,-9.910591,0.40595582
47624442,7.8939843,-9.054371,-0.05987549
47624452,7.5694594,-8.311915,-0.4287085
47624462,6.925199,-6.5910935,0.2826123
47624472,5.889353,-4.6906457,1.1975098
47624482,4.160149,-2.205813,2.880011
47624492,2.4764502,-0.17244141,3.913462
47624502,1.9327807,1.0789562,5.6342835
47624511,1.8142273,1.7016613,7.9742174
47624521,2.2333558,1.4573693,10.578801
47624531,2.2441332,0.98674804,12.710369
47624541,2.2070105,0.07544312,14.776073
47624551,2.081272,-0.8143066,16.986675
47624561,1.7495618,-1.3208532,18.045275
47624571,1.3591735,-1.035846,18.011744
47624581,1.1543994,0.11376343,17.130377
47624591,1.0418335,1.6274158,15.659835
47624600,1.3986914,2.6752367,13.712685
47624610,1.6992663,3.8703516,12.397819
47624620,2.3830445,4.0835085,11.073373
47624630,3.3063245,3.634442,9.866283
47624640,3.9948926,2.2776635,8.659193
47624650,4.912185,0.7975415,7.589817
47624660,5.8486376,-0.53528684,6.541996
47624670,6.8246083,-1.8872753,5.3684363
47624680,7.253317,-2.5219555,5.24629
47624689,7.4197707,-3.2153137,3.7506006
47624699,7.8400965,-3.9074743,2.4393275
47624709,8.0999565,-4.628375,1.6046631
47624719,8.174202,-5.3313136,0.920885
47624729,8.029303,-6.082152,0.74006104
47624739,7.491621,-6.6282167,1.099314
47624749,7.1024303,-6.597081,1.905238
47624759,6.8509536,-5.9635987,2.6716442
47624769,6.803053,-4.9624805,3.988905
47624778,6.5767236,-4.196074,5.997129
47624788,6.1073,-3.6631823,8.960965
47624798,4.8283596,-2.3926246,13.301938
47624808,3.0847852,-1.4310242,15.834672
47624818,1.7040564,0.09340576,17.197437
47624828,0.9460327,1.2513977,17.300423
47624838,0.7209009,1.6801062,16.627422
47624848,1.0550061,1.477727,15.508949
47624858,1.3939013,0.8586145,14.444363
47624867,2.1124072,-0.061072998,13.7701645
47624877,3.1578333,-1.1460168,13.010943
47624887,4.2080493,-2.242936,12.058924
47624897,5.325326,-3.6571949,10.564431
47624907,6.673722,-5.3456836,8.576565
47624917,7.885602,-6.5946865,7.4736586
47624927,8.371791,-7.5910144,5.2415004
47624937,8.6077,-9.16095,2.943479
47624947,8.612491,-10.778786,1.895658
47624956,8.399334,-12.20502,0.75562865
47624966,8.019723,-13.100757,-1.0442286
47624976,7.8424916,-13.321098,-3.1578333
47624986,7.822134,-12.802577,-5.1528845
47624996,7.7742333,-11.955937,-6.6641417
47625006,7.284452,-10.908116,-6.8018556
47625016,6.8018556,-9.799222,-6.4078746
47625026,6.2809386,-8.928633,-5.653444
47625036,5.877378,-8.2712,-4.414021
47625046,5.4726195,-8.093968,-2.7878027
47625055,4.9133825,-7.244934,-0.66940796
47625065,4.1529636,-5.3971767,1.9627185
47625075,3.570974,-3.8116736,4.1373963
47625085,2.962639,-0.6753955,10.007589
47625095,3.2105236,2.6644592,10.765613
47625105,6.45817,1.5004797,18.984123
47625115,-3.051255,-0.49457154,15.795154
47625125,0.43709105,2.6345215,21.34681
47625135,3.4200878,3.7458105,19.891834
47625144,2.1435425,3.2823744,17.979412
47625154,2.6908045,4.0511756,16.081358
47625164,3.7553906,3.1326857,15.577207
47625174,3.7697608,1.2418176,14.162948
47625184,5.357659,0.54606444,10.056687
47625194,6.3719497,-0.17723145,7.4473133
47625204,8.332273,-2.9111462,6.676117
47625214,8.781339,-6.627019,7.7694435
47625224,8.316706,-7.7670484,7.101233
47625233,7.9430823,-7.203021,1.5867004
47625243,8.205337,-6.8749037,-3.4560132
47625253,8.976533,-7.1431456,-5.5384827
47625263,9.424402,-8.171806,-4.8355446
47625273,9.158555,-9.368119,-3.3865576
47625283,8.250842,-9.040001,-2.1507275
47625293,7.3922276,-6.828201,-1.2801379
47625303,6.946754,-4.1805067,-0.5233118
47625313,6.534811,-2.5566833,0.9172925
47625322,6.5228357,-2.2513185,3.2093263
47625332,6.507268,-1.785487,7.3119946
47625342,5.9204884,-0.5292993,10.98356
47625352,5.2175503,0.21794678,12.697196
47625362,4.636758,0.4514612,13.524675
47625372,4.493057,0.5388794,13.892311
47625382,4.4104285,0.76760375,13.277988
47625392,4.5541296,1.3112732,12.02659
47625402,5.036726,1.4609619,10.1896105
47625411,5.5312977,0.42511597,9.092691
47625421,5.971981,-0.9580078,8.656798
47625431,6.2330384,-2.2237756,8.399334
47625441,6.267766,-2.9494665,8.30473
47625451,6.028264,-3.109933,8.440049
47625461,5.8007374,-3.7050953,8.145461
47625471,5.9851537,-4.4152184,7.3275623
47625481,6.72282,-4.8714695,5.4043617
47625491,7.780221,-5.603148,3.0967603
47625500,8.551417,-6.2809386,1.6405884
47625510,8.313113,-6.364764,0.91250247
47625520,7.6796303,-6.229446,0.8107141
47625530,7.339537,-5.821095,0.7244934
47625540,7.212601,-5.4582496,0.90531737
47625550,7.268884,-5.4798045,0.48738647
47625560,7.0796776,-6.0893373,0.44786865
47625570,7.132368,-7.3934255,0.7747888
47625580,7.4077954,-8.01134,2.0309765
47625589,7.6053843,-8.089178,3.206931
47625599,7.301217,-7.6329274,4.223617
47625609,6.7359924,-6.810238,4.726571
47625619,6.444998,-5.619913,5.0738487
47625629,6.100115,-4.235592,4.9205675
47625639,5.979166,-3.5290613,4.805607
47625649,5.940846,-3.2272887,5.045109
47625659,5.9983263,-3.3123121,5.469027
47625669,6.055807,-3.4081128,5.9839563
47625678,5.982759,-3.5386415,6.2150755
47625688,5.867798,-4.4966493,6.3036914
47625698,5.8474402,-5.910908,6.588699
47625708,6.1983104,-6.581514,7.0904555
47625718,6.43901,-6.7431774,7.35271
47625728,6.404282,-6.314469,7.8377013
47625738,5.916896,-5.5708156,8.655601
47625748,5.3480787,-4.5613146,8.796906
47625758,5.1768346,-3.490741,8.250842
47625767,5.533693,-2.6931994,7.4341407
47625777,5.7827744,-2.6201513,6.8880763
47625787,5.974376,-2.8129504,6.4497876
47625797,6.0414367,-3.429668,6.211483
47625807,6.0342517,-4.1936793,6.7479677
47625817,6.109695,-5.170847,7.5359287
47625827,5.916896,-5.21276,8.5574045
47625837,5.52052,-4.749324,8.390951
47625847,5.2259326,-3.1961536,7.5682616
47625856,4.990023,-1.9603235,6.3994923
47625866,4.749324,-1.4837146,5.363646
47625876,4.7612987,-1.9722986,5.0235534
47625886,4.958888,-3.0895753,5.034331
47625896,5.4606447,-4.1805067,4.653523
47625906,6.0593996,-5.3756213,3.0452673
47625916,6.5839086,-6.5719337,0.34727782
47625926,7.420968,-7.35271,-1.3699511
47625936,8.240065,-7.667655,-2.6464965
47625945,8.698711,-8.096363,-3.6368372
47625955,8.490344,-8.962163,-1.9519409
47625965,7.1778736,-11.396701,0.27542725
47625975,5.910908,-13.433664,2.6177564
47625985,5.4606447,-13.5127,3.1278956
47625995,5.259463,-11.475736,1.6082556
47626005,5.090614,-8.150251,0.45265868
47626015,4.4439588,-6.0761647,-0.013172608
47626025,3.9625597,-5.8175025,0.737666
47626034,3.6536024,-7.3586974,2.9794042
47626044,4.0559654,-8.722661,3.9996827
47626054,-1.8657203,-4.905,27.08288
47626064,-6.295309,-15.223942,20.28821
47626074,-2.259701,-12.686419,15.421531
47626084,4.0200405,-11.601475,6.957532
47626094,8.425678,-12.403806,4.047583
47626104,9.998009,-10.95482,3.5110986
47626114,8.103549,-8.772957,2.3602917
47626123,4.8091993,-6.9455566,1.0897338
47626133,2.880011,-6.6354017,0.44667113
47626143,3.4679883,-7.332352,-0.23710693
47626153,5.4558544,-7.9993653,-1.3292358
47626163,7.0233946,-8.040081,-2.2321582
47626173,7.2976246,-7.7203455,-2.8536658
47626183,6.370752,-7.6592727,-3.1278956
47626193,5.5241127,-7.5610766,-3.126698
47626203,5.5217175,-7.3491173,-3.38536
47626212,5.7863674,-7.0892577,-3.4200878
47626222,6.0617943,-6.956334,-3.075205
47626232,5.979166,-6.7755103,-2.14474
47626242,5.7516394,-6.6964746,-0.7209009
47626252,5.4067564,-6.490503,0.51971924
47626262,5.027146,-6.4881077,1.773512
47626272,4.714596,-6.837781,3.446433
47626282,4.398453,-8.747808,4.240382
47626292,2.5279431,-6.4988856,17.438137
47626301,-2.2872436,-11.850556,17.5998
47626311,-0.6143225,-11.557167,12.803775
47626321,2.2501209,-11.821816,8.265212
47626331,5.2558703,-12.437336,7.4077954
47626341,6.2869263,-12.77743,5.3049684
47626351,6.267766,-11.515254,3.8931043
47626361,5.109774,-9.873468,2.374662
47626371,4.160149,-8.626861,2.0776794
47626381,4.0739284,-7.99697,1.5364051
47626390,4.975653,-6.1911254,-0.23830444
47626400,6.201903,-4.8642845,-3.0799952
47626410,7.277267,-5.118157,-2.823728
47626420,7.0712953,-7.818541,-0.0981958
47626430,6.8772984,-11.539204,3.011737
47626440,6.76593,-14.477893,4.9014072
47626450,6.622229,-15.391593,4.9061975
47626460,6.5683413,-13.807287,4.64514
47626470,6.189928,-9.687854,2.858456
47626479,5.7133193,-5.8486376,1.1292517
47626489,4.5696974,-3.6703675,0.5388794
47626499,3.9505847,-4.127816,1.0741663
47626509,4.4487486,-6.3982944,3.661985
47626519,5.7348742,-8.504714,6.73719
47626529,6.452183,-9.333391,8.50711
47626539,5.4235215,0.69575316,17.79739
47626549,0.5939648,8.63644,10.981165
47626559,-3.2895594,5.4810023,7.213799
47626568,-5.6809864,1.6920813,1.1268567
47626578,-2.1327648,-2.818938,1.7986597
47626588,3.5913317,-3.4548156,7.509584
47626598,8.917855,-4.531377,6.7755103
47626608,10.438693,-6.0103016,5.5145326
47626618,8.769364,-8.744216,6.267766
47626628,6.5372057,-11.36796,6.9503465
47626638,6.0474243,-12.216994,5.7540345
47626648,6.983877,-10.462643,3.3578174
47626657,8.193362,-8.662786,0.75562865
47626667,8.327483,-8.181387,-0.54247195
47626677,7.923922,-8.424481,-1.1424243
47626687,7.3000197,-8.236472,-2.1136048
47626697,6.8389783,-7.4030056,-3.3039293
47626707,6.314469,-8.0580435,-4.445156
47626717,6.7048573,-9.710607,-2.5782385
47626727,6.974297,-10.978769,-1.0645862
47626737,6.597081,-11.105705,-0.86699706
47626746,5.9228835,-9.740544,-1.1819421
47626756,4.9948134,-8.101153,-1.4585669
47626766,4.0978785,-7.146738,-0.7879614
47626776,3.0560448,-6.9240017,0.21674927
47626786,2.3758593,-7.494016,1.6980689
47626796,2.3459215,-7.223379,5.4091516
47626806,0.8190967,-5.653444,10.292597
47626816,-2.7901978,-9.714199,15.243102
47626826,-2.2680836,-12.006233,10.171648
47626835,1.1747571,-10.560839,5.716912
47626845,4.8726673,-11.258986,3.4488282
47626855,6.7946706,-11.312875,3.8416114
47626865,6.413862,-10.086625,4.6643004
47626875,3.925437,-9.311836,4.470304
47626885,1.8717078,-9.336984,5.037924
47626895,1.6573535,-9.85311,5.126539
47626905,2.8009753,-10.483001,4.30864
47626915,4.719386,-10.553654,2.5973988
47626924,6.461763,-10.488988,0.6394702
47626934,8.073611,-10.2458935,-0.66821045
47626944,9.297466,-10.000404,-1.3448035
47626954,9.56451,-8.8484,-1.7280066
47626964,8.841214,-7.8400965,-2.0968397
47626974,7.9837976,-7.1922436,-1.4549744
47626984,7.0796776,-7.019802,0.19998413
47626994,6.452183,-7.418573,1.7411792
47627004,5.8390574,-7.1527257,3.1470556
47627013,5.3037705,-6.7479677,4.0535707
47627023,4.8235693,-6.1587925,4.463119
47627033,4.0392003,-5.405559,4.3768983
47627043,3.3769774,-3.9266346,5.503755
47627053,2.5387206,-2.7267296,6.508466
47627063,1.7339941,-2.1531227,7.442523
47627073,1.0765613,-1.592688,8.337063
47627083,0.98195803,-1.4322217,8.865165
47627093,1.3028907,-1.4980847,9.044791
47627102,1.8010547,-1.780697,9.325008
47627112,2.4022045,-1.8405725,9.46871
47627122,2.8931837,-1.8357825,9.51661
47627132,3.1302905,-2.1639001,9.529782
47627142,3.4751732,-2.7937903,9.56451
47627152,3.8140686,-3.39015,10.039922
47627162,4.070336,-4.1541615,10.479408
47627172,4.3697133,-4.5421543,10.740465
47627182,4.6810656,-4.8499146,10.711725
47627191,4.658313,-4.8547044,10.530901
47627201,4.637955,-4.6032276,9.983639
47627211,4.6008325,-4.1361985,9.405242
47627221,4.399651,-3.6775525,8.641231
47627231,4.3134303,-3.3135095,8.125104
47627241,4.160149,-3.1566358,7.749086
47627251,4.1122484,-3.1087353,7.4724607
47627261,4.0272255,-3.0392797,7.289242
47627271,3.925437,-3.009342,7.1203933
47627280,3.9577699,-2.9123437,7.037765
47627290,3.6392322,-2.8357031,6.9587293
47627300,3.549419,-2.6345215,6.8952613
47627310,3.4332604,-2.2812562,7.2102065
47627320,3.4117053,-2.0070264,7.8257265
47627330,3.725453,-1.8513501,9.091495
47627340,4.199667,-1.6621436,10.996732
47627350,4.6619053,-1.4813195,12.991783
47627360,4.975653,-1.3112732,15.370038
47627370,4.831952,-1.5663428,17.565073
47627379,4.3445654,-2.4489074,19.277512
47627389,4.2391844,-3.8236487,20.492985
47627399,4.484674,-5.0415163,20.17804
47627409,4.501439,-5.2558703,20.09661
47627419,4.0607557,-5.6833816,19.550545
47627429,3.4943335,-5.485792,17.493223
47627439,2.5578809,-4.9433203,14.845529
47627449,1.8166223,-4.2858872,12.499607
47627459,1.5172448,-4.798422,10.306967
47627468,1.0717713,-5.373226,8.693921
47627478,1.4406042,-5.285808,6.6246243
47627488,2.1255798,-4.6714854,4.6104126
47627498,2.6141639,-4.0104604,2.095642
47627508,2.7710376,-3.4572108,-0.40116578
47627518,2.4333398,-2.6512866,-2.8333082
47627528,1.9291883,-1.8513501,-4.4643164
47627538,1.470542,-1.4142591,-6.0079064
47627548,0.32572266,-1.350791,-6.1348424
47627557,-0.021555176,-0.7220984,-5.581593
47627567,0.20477417,0.5340893,-5.4331017
47627577,1.2094848,1.0526111,-7.291637
47627587,2.7482848,0.41433838,-9.047186
47627597,4.0104604,-0.81670165,-8.899893
47627607,5.322931,-2.738705,-7.8305163
47627617,6.5180454,-5.013973,-5.9001307
47627627,6.9216065,-7.4149804,-2.9087512
47627636,7.1778736,-9.654324,2.151925
47627646,8.552615,-9.631571,8.216114
47627656,10.02675,-8.871152,11.920012
47627666,11.061398,-7.8891945,11.939173
47627676,12.066109,-6.2330384,9.163344
47627686,13.315111,-3.9960902,5.84265
47627696,14.451548,-1.7591418,2.76026
47627706,14.479091,0.41074586,-0.1484912
47627716,14.524596,2.7794201,-2.5806336
47627726,14.252761,4.430786,-5.031936
47627735,13.553415,4.702621,-8.407716
47627745,13.1366825,4.172124,-10.474618
47627755,12.604988,3.258424,-10.667417
47627765,10.785971,1.0346484,-9.713001
47627775,8.82445,-2.3123913,-8.335865
47627785,7.6461,-6.619834,-6.884484
47627795,7.404203,-10.278226,-4.197272
47627805,7.2640944,-13.274396,-1.3855188
47627814,7.956255,-14.146183,2.1183949
47627824,8.523874,-14.1425905,4.836742
47627834,8.662786,-12.543915,7.955057
47627844,8.458012,-10.129735,10.080637
47627854,8.081993,-8.087981,10.668614
47627864,7.865244,-5.7049365,10.273437
47627874,7.436536,-2.3435266,8.467591
47627884,6.8808913,1.5591577,5.0283437
47627894,6.6749196,5.642666,2.1112096
47627903,7.1455407,9.206455,-0.17363891
47627913,7.956255,11.430231,-2.9614418
47627923,8.147857,12.317585,-5.8414526
47627933,8.404123,11.884087,-8.847202
47627943,9.325008,10.266252,-10.213561
47627953,9.604029,7.540719,-10.740465
47627963,9.269923,4.326603,-10.676997
47627973,8.240065,0.7316785,-9.883048
47627983,7.811356,-2.1746778,-8.374186
47627992,7.6005945,-4.4247985,-7.1347632
47628002,7.113208,-5.945636,-5.762417
47628012,6.73719,-6.941964,-5.367239
47628022,6.302494,-7.276069,-5.2235374
47628032,5.7564297,-6.983877,-5.3612514
47628042,5.0570836,-6.1815453,-7.0221972
47628052,4.436774,-4.9205675,-8.175399
47628062,4.296665,-5.2678456,-9.241183
47628072,4.1733217,-6.5360084,-6.8389783
47628081,3.4129028,-8.407716,-2.630929
47628091,2.6201513,-10.691367,1.8441651
47628101,2.1746778,-11.960728,6.795868
47628111,2.1207898,-12.831317,8.338261
47628121,3.6332445,-13.780942,9.25675
47628131,5.78038,-14.41203,9.075927
47628141,7.0653076,-12.795392,9.541758
47628151,6.5431933,-11.338022,7.8377013
47628161,5.2043777,-12.5391245,9.906999
47628170,2.9159362,-12.534335,23.367008
47628180,-0.5161267,-23.234085,17.09565
47628190,4.4691067,-19.223625,15.895744
47628200,7.7059755,-14.77727,10.262659
47628210,9.976454,-11.431428,7.523954
47628220,9.9644785,-8.272397,4.2810974
47628230,8.27599,-6.205496,0.71730834
47628240,7.203021,-4.8235693,-1.0226734
47628250,6.9311867,-4.8103967,-1.4897021
47628259,7.267687,-5.5851855,-1.8848804
47628269,7.6425076,-6.270161,-2.5710535
47628279,7.745493,-6.4066772,-3.735033
47628289,7.418573,-6.035449,-4.5768824
47628299,6.6246243,-5.605543,-5.0738487
47628309,5.967191,-5.2630553,-5.2307224
47628319,5.5241127,-4.9576902,-5.2355127
47628329,5.3552637,-4.691843,-5.2091675
47628338,5.1924024,-4.540957,-4.2104445
47628348,4.855902,-4.780459,-2.598596
47628358,4.4571314,-4.9014072,-0.38919067
47628368,4.0188427,-4.86189,1.4621594
47628378,3.7841308,-5.181625,2.7901978
47628388,3.3123121,-6.065387,4.4343786
47628398,5.126539,-12.640913,22.761068
47628408,-4.331393,-17.040564,17.98061
47628418,-3.69791,-12.686419,12.715158
47628427,4.493057,-7.139553,7.9107494
47628437,7.0401597,-8.042476,6.7288074
47628447,8.27599,-8.65081,8.50711
47628457,6.1887302,-9.401649,9.52619
47628467,3.8727465,-9.251961,9.971663
47628477,2.8321106,-9.45434,8.220904
47628487,3.4452355,-10.793156,6.0486217
47628497,5.380411,-11.591894,3.4380505
47628507,7.374265,-11.584709,0.6706055
47628516,8.576565,-10.548863,-1.4142591
47628526,8.811276,-10.237511,-2.4465125
47628536,8.380174,-10.965597,-3.5254688
47628546,8.637638,-11.370356,-4.149371
47628556,9.15137,-11.3499975,-4.7062135
47628566,9.764495,-10.771601,-5.157675
47628576,9.3944645,-9.667497,-4.7385464
47628586,8.014933,-7.975415,-3.3254845
47628596,6.356382,-6.1204724,-2.222578
47628605,4.452341,-4.2296047,-1.1328442
47628615,2.7518775,-3.0835876,1.0118958
47628625,1.7471668,-2.454895,3.918252
47628635,1.902843,-2.2309606,7.0868626
47628645,2.494413,-1.968706,10.14171
47628655,2.9374914,-1.7447717,12.518767
47628665,2.9003687,-1.0154883,14.828763
47628675,2.9350965,-0.4921765,16.174765
47628685,2.814148,0.1472937,16.839382
47628694,2.7854078,0.6933582,16.966318
47628704,2.5279431,1.5627502,16.75915
47628714,2.2357507,2.5890162,15.929275
47628724,2.3974144,3.6045043,14.816789
47628734,2.2201831,4.252357,13.930631
47628744,2.44771,4.181704,12.263698
47628754,2.8009753,3.3422499,10.353669
47628764,3.4727783,1.7327967,8.683144
47628774,4.253555,-0.4071533,6.815028
47628783,5.2259326,-2.7758276,5.259463
47628793,6.1061025,-4.254752,4.811594
47628803,6.245013,-5.346881,3.766168
47628813,6.5012803,-6.1611876,2.5638685
47628823,6.6844997,-6.9587293,1.9339783
47628833,6.795868,-7.6568775,1.6034656
47628843,6.868916,-7.6029897,1.5507752
47628853,6.6377964,-6.7623377,1.893263
47628863,6.0785594,-5.2822156,2.445315
47628872,5.5444703,-3.3362622,3.5218763
47628882,5.273833,-1.6573535,4.812792
47628892,5.191205,-0.76281375,6.73719
47628902,4.702621,-0.09101074,10.9632015
47628912,3.439248,-0.53648436,14.07553
47628922,2.7973828,-0.7244934,16.557968
47628932,2.14953,-0.552052,17.708775
47628942,1.407074,-0.4790039,17.937498
47628952,0.75562865,-0.22513184,17.569862
47628962,0.58198977,0.08023316,16.357983
47628971,1.4358143,0.082628176,14.722185
47628981,2.894381,-1.2094848,12.449311
47628991,4.475094,-3.4380505,10.784773
47629001,5.595963,-5.908513,9.384884
47629011,6.0570045,-7.2557116,8.199349
47629021,6.514453,-8.709489,5.932463
47629031,6.9048414,-10.797946,4.421206
47629041,7.2736745,-13.030104,3.1937585
47629051,7.36229,-14.219231,1.5555652
47629060,7.0581226,-14.400055,-0.62989014
47629070,6.8677187,-13.853991,-2.4800427
47629080,6.7779055,-13.046869,-3.6703675
47629090,6.6425867,-12.070898,-4.197272
47629100,6.3468018,-10.316546,-3.9637573
47629110,6.234236,-8.5645895,-3.5158887
47629120,6.199508,-7.2102065,-2.8883936
47629130,6.347999,-6.079757,-2.2333558
47629140,6.41506,-5.139712,-1.475332
47629149,6.6246243,-3.6045043,-0.30895752
47629159,6.2809386,-1.7471668,1.4082714
47629169,6.199508,-0.1484912,4.028423
47629179,6.204298,1.3136683,9.043593
47629189,5.254673,2.1291723,11.189531
47629199,4.4319835,2.6464965,13.681549
47629209,3.2620165,2.7267296,16.215479
47629219,0.5999524,2.3531067,16.334034
47629229,2.3902295,2.5195606,18.414108
47629238,-0.9089099,0.7975415,16.927998
47629248,-0.4897815,-0.2969824,16.209492
47629258,1.7938696,0.3676355,15.110178
47629268,3.9122643,-0.6753955,12.781022
47629278,4.794829,-3.2620165,12.006233
47629288,6.1037073,-5.47741,10.154882
47629298,7.4054003,-5.926476,7.6401124
47629308,8.50711,-5.3384986,5.18881
47629318,9.092691,-4.8547044,2.5602758
47629327,9.508227,-6.6210313,-0.4897815
47629337,9.388476,-8.757389,-1.9998413
47629347,9.139395,-9.638756,-3.2440538
47629357,8.638836,-9.116642,-4.445156
47629367,8.461604,-7.9646373,-4.724176
47629377,8.58375,-7.282057,-3.622467
47629387,8.448431,-6.843768,-2.1794677
47629397,7.7694435,-5.994734,-1.1268567
47629407,7.1946387,-4.9229627,0.16884887
47629416,6.821016,-3.8559813,2.0549269
47629426,6.7264123,-3.138673,4.162544
47629436,6.114485,-1.5016773,7.835306
47629446,5.16486,-0.9627979,9.322614
47629456,4.487069,-0.83825684,11.232641
47629466,4.3469605,-1.4501843,13.025313
47629476,4.397256,-1.7902771,14.301859
47629486,4.2176294,-1.6310083,14.638359
47629496,4.242777,-1.3998889,13.779745
47629506,4.348158,-1.1268567,12.684024
47629515,4.405638,-0.84424436,12.159514
47629525,4.5134144,-1.2645704,10.386003
47629535,4.6355605,-1.6956738,9.122629
47629545,4.707411,-2.389032,7.061715
47629555,5.0498986,-2.567461,5.684579
47629565,5.109774,-3.070415,3.9362147
47629575,5.221143,-3.39015,2.3447242
47629585,5.6953564,-3.6356397,1.2669654
47629595,6.267766,-4.651128,-1.531615
47629604,7.501201,-5.4342995,-2.899171
47629614,8.440049,-6.4354177,-3.942202
47629624,8.892708,-6.373147,-4.211642
47629634,8.879535,-5.7851696,-4.5038342
47629644,8.268805,-5.269043,-2.9794042
47629654,6.9970493,-5.3037705,-0.013172608
47629664,5.564828,-5.81391,1.8872753
47629674,5.0403185,-7.486831,3.060835
47629684,5.0175657,-10.115365,2.703977
47629693,6.325247,-11.808643,2.626139
47629703,7.5598793,-10.6746025,3.1111305
47629713,7.0257897,-8.671168,2.8201356
47629723,5.5923705,-7.8568616,2.7961853
47629733,4.023633,-9.060359,3.2739916
47629743,2.217788,-12.052936,6.2893214
47629753,0.25387207,-14.622791,10.98356
47629763,-0.47421387,-15.905325,14.942527
47629773,0.69216067,-15.180831,16.986675
47629782,3.0644274,-12.84449,17.208216
47629792,4.92416,-9.924961,16.137642
47629802,5.8654027,-6.900051,14.629977
47629812,6.0546093,-4.421206,13.093572
47629822,4.918173,1.9100281,13.828843
47629832,3.5793567,7.93949,11.438613
47629842,2.6931994,1.1735595,3.6883302
47629852,1.7687219,-4.6547203,5.605543
47629862,3.6955152,-5.0918117,8.568182
47629871,5.3384986,-3.8799317,7.5179663
47629881,5.533693,-3.2248938,5.2426977
47629891,4.813989,-3.6536024,4.0607557
47629901,4.3134303,-4.509822,3.119513
47629911,4.372108,-4.7325587,1.8860779
47629921,4.7553115,-3.8763392,1.353186
47629931,5.18881,-3.3398547,1.5052698
47629941,4.9205675,-3.7925134,2.278861
47629951,4.2858872,-5.060676,3.354225
47629960,4.045188,-5.9121056,5.295388
47629970,2.7195446,-4.687053,8.701106
47629980,1.0813513,3.1111305,14.3749075
47629990,-1.9890637,3.9733374,8.644823
47630000,-3.05844,-5.629493,4.0392003
47630010,-2.1710851,-13.741425,7.662865
47630020,1.7663269,-17.211807,11.860137
47630030,7.1168003,-15.367642,15.688576
47630040,9.617201,-13.7701645,15.043118
47630050,7.9430823,-13.950989,14.014457
47630059,5.308561,-14.425202,11.95474
47630069,4.4475513,-14.107862,9.060359
47630079,5.4486694,-12.880415,5.4726195
47630089,7.4030056,-12.260105,2.102827
47630099,9.2747135,-11.967913,0.22393432
47630109,9.992022,-11.927197,-0.7149133
47630119,9.983639,-11.122471,-1.3448035
47630129,8.92504,-9.948911,-3.0356872
47630139,7.523954,-8.657995,-4.8103967
47630148,6.470145,-7.453301,-5.7827744
47630158,5.9564137,-6.2821364,-7.205416
47630168,5.7564297,-4.143384,-8.151449
47630178,5.629493,-1.5519726,-8.392148
47630188,5.146897,1.0142908,-7.756271
47630198,4.267925,2.572251,-6.0246716
47630208,3.1841784,3.7230577,-3.3230896
47630218,2.2465284,4.355343,-0.38440064
47630228,1.6860938,4.564907,1.4825171
47630237,1.4058765,5.285808,3.661985
47630247,1.1951147,4.445156,3.4428406
47630257,1.3364209,3.8044884,4.038003
47630267,1.773512,2.802173,4.3948607
47630277,2.1387525,1.8238074,5.239105
47630287,2.2189856,-0.8418494,6.0342517
47630297,6.5683413,39.140606,-5.973179
47630307,13.838423,-29.304262,39.153778
47630317,4.821174,-23.97175,10.568024
47630326,9.413624,-6.8677187,5.276228
47630336,6.1516075,-1.531615,0.14489868
47630346,5.7193065,-4.6343627,0.5400769
47630356,9.416019,-6.8725085,5.661826
47630366,9.570498,-9.519005,6.842571
47630376,8.685538,-9.565708,4.1685314
47630386,7.7371106,-7.8987746,1.2969031
47630396,7.3095994,-5.757627,0.5987549
47630406,7.296427,-3.8966968,-0.6143225
47630415,7.601792,-1.8549427,-2.0249891
47630425,7.4030056,-0.028740235,-3.3410523
47630435,6.73719,1.0861413,-3.309917
47630445,5.769602,1.658551,-1.7136365
47630455,4.4439588,1.5148499,-0.613125
47630465,3.8475988,2.1902454,-0.20237915
47630475,3.5853443,2.8524683,0.18202148
47630485,3.69312,2.696792,0.8681946
47630495,3.9565723,0.54606444,1.1232642
47630504,4.3289976,-3.1003528,1.895658
47630514,4.9505053,-7.316785,2.1531227
47630524,6.8653235,-35.937267,-8.781339
47630534,15.479012,-27.692413,39.153778
47630544,5.0415163,-28.426487,9.627978
47630554,7.33355,-11.62782,5.670209
47630564,6.5216384,-0.95321774,2.5938063
47630574,5.3313136,0.6334827,-1.8561401
47630584,8.279583,-0.33410522,0.033530273
47630594,8.79571,-3.4608033,4.0008802
47630603,7.6892104,-6.085745,5.8330703
47630613,6.534811,-7.890392,6.2330384
47630623,5.7300844,-9.157357,5.9061184
47630633,5.6582336,-8.200547,6.610254
47630643,5.518125,-5.5073476,5.5756054
47630653,5.1600695,-2.166295,3.0380824
47630663,4.374503,-0.72928345,0.4790039
47630673,3.8356237,-1.2058923,-0.4418811
47630682,3.4835558,-1.9148182,-0.93286014
47630692,3.7649708,-2.198628,-1.7878821
47630702,4.7181883,-1.9064355,-2.327959
47630712,5.945636,-1.6621436,-2.5902135
47630722,7.225774,-2.3267615,-2.2129982
47630732,8.2197075,-3.3805702,-1.3160633
47630742,8.096363,-3.8799317,-0.22872436
47630752,6.771918,-4.675078,0.22752686
47630762,5.339696,-6.3935046,1.0394385
47630771,4.518204,-9.207653,3.6476147
47630781,4.531377,-12.4265585,7.32397
47630791,4.0607557,-15.22514,9.3872795
47630801,3.5841467,-16.720829,9.717792
47630811,3.8452039,-16.949553,9.960886
47630821,4.5050316,-15.470629,9.681867
47630831,5.2067723,-12.650494,8.911868
47630841,5.8031325,-9.590856,8.103549
47630851,5.994734,-7.2221813,7.739506
47630860,5.9707837,-6.12646,7.795789
47630870,5.78996,-5.835465,8.321495
47630880,5.4738173,-5.5600376,8.420889
47630890,5.181625,-4.9085927,8.129894
47630900,4.764891,-4.1685314,7.796986
47630910,4.4439588,-3.5865417,7.509584
47630920,4.1002736,-3.333867,7.204219
47630930,3.6080968,-3.0955627,6.980284
47630940,3.2500415,-2.9422815,6.411467
47630949,2.9003687,-2.8081603,5.6738014
47630959,2.696792,-2.8500733,5.093009
47630969,2.6979895,-3.002157,4.4200087
47630979,3.0237122,-3.08239,4.1541615
47630989,3.378175,-2.9794042,4.1781116
47630999,3.5290613,-2.943479,5.1373167
47631009,3.6021094,-3.542234,6.41985
47631019,3.5218763,-4.55892,8.661588
47631029,3.5817518,-5.725294,11.312875
47631039,3.2811768,-6.149213,13.272
47631048,2.9482691,-6.6773143,13.764177
47631058,2.75547,-7.5047936,13.784534
47631068,2.3722668,-8.691525,14.463523
47631078,2.0118165,-9.46392,14.112653
47631088,2.0441492,-9.815988,13.4169
47631098,2.0573218,-10.401569,12.58942
47631108,2.46687,-10.557246,11.520044
47631118,3.3470397,-10.340497,10.311756
47631128,4.5613146,-10.106982,8.563393
47631137,5.637876,-8.647218,6.8653235
47631147,6.283334,-6.876101,5.039121
47631157,6.6988697,-5.540878,3.382965
47631167,7.176676,-5.315746,1.834585
47631177,7.1120105,-5.134922,0.90411985
47631187,6.4066772,-4.1781116,0.737666
47631197,6.1037073,-2.7207422,-0.30895752
47631207,5.845045,-1.2274475,-1.346001
47631217,5.492977,-0.13771363,-3.114723
47631226,5.3313136,-0.34967285,-5.816305
47631236,5.6223083,0.0035925293,-7.186256
47631246,6.0546093,-0.44786865,-7.66526
47631256,6.1288548,-3.4236803,-8.078401
47631266,6.070177,-6.427035,-4.787644
47631344,5.485792,-8.570578,-0.2838098
47631354,5.2331176,-9.139395,3.509901
47631364,5.716912,-7.4568934,6.995852
47631373,5.8737855,-5.7755895,7.7538757
47631383,6.342012,-4.6331654,6.373147
47631393,7.5766444,-3.873944,4.3122325
47631403,8.971744,-3.4560132,1.6262183
47631413,10.3512745,-2.4045997,-0.80113405
47631423,10.975177,-1.0083032,-2.2489233
47631433,10.881771,0.16765137,-2.393822
47631443,10.254276,0.71850586,-1.7280066
47631453,9.78126,0.33769774,-0.91250247
47631462,9.716595,-0.5987549,0.5041516
47631472,10.057884,-1.6202307,1.9303857
47631482,10.111773,-2.4692652,3.0368848
47631492,10.054292,-2.8045678,4.0116577
47631502,9.362131,-2.8285182,4.4511437
47631512,8.383766,-2.4141798,5.0175657
47631522,7.33834,-2.003434,4.679868
47631532,6.500083,-1.7315991,4.198469
47631542,5.916896,-2.0142114,3.6212695
47631551,5.5468655,-2.7830126,3.1326857
47631561,5.2343154,-3.6991076,2.4177723
47631571,5.2355127,-5.0259485,1.1543994
47631581,5.5289025,-6.14083,0.05748047
47631591,6.119275,-6.9671116,-0.9556128
47631601,6.730005,-7.294032,-2.6632617
47631611,7.515571,-7.4832387,-4.59245
47631621,8.325088,-7.543114,-5.374424
47631631,8.683144,-7.867639,-5.158872
47631640,8.63165,-8.067623,-3.6679723
47631650,8.007748,-7.61257,-1.5603552
47631660,6.108497,-7.430548,-1.2034973
47631670,4.1565566,-8.678353,-1.9184107
47631680,4.1948767,-11.049422,-2.8416908
47631690,7.235354,-12.236155,-2.43813
47631701,11.122471,-11.250605,-1.902843
47631711,12.721147,-9.025631,-2.75547
47631721,11.748768,-6.9036436,-3.373385
47631730,9.835148,-6.7192273,-3.3410523
47631740,8.305927,-7.1730833,-1.5998731
47631750,7.0689,-7.36229,0.81191164
47631760,6.0905347,-6.949149,3.1350806
47631770,5.2750306,-7.0257897,4.326603
47631780,5.3612514,-7.582632,5.18881
47631790,5.503755,-8.147857,5.435497
47631800,5.579198,-8.296348,5.591173
47631810,5.5540504,-8.133487,5.8390574
47631819,4.9744554,-7.9059596,6.907236
47631829,3.812871,-8.036488,7.5778418
47631839,3.2991395,-8.766969,8.230485
47631849,3.5003211,-9.508227,9.461525
47631859,2.838098,-10.277029,9.684261
47631869,3.617677,-11.140433,9.080716
47631879,5.308561,-9.304651,6.603069
47631889,6.676117,-8.205337,3.3063245
47631899,7.3000197,-7.252119,1.7794995
47631908,6.786288,-6.925199,0.29817992
47631918,6.580316,-6.540798,-0.6047424
47631928,6.509663,-6.40548,-1.1448194
47631938,6.716832,-6.2354336,-1.4310242
47631948,6.77072,-6.2941113,-1.5232325
47631958,6.701265,-6.1252623,-1.597478
47631968,6.3815293,-5.821095,-1.7004639
47631978,6.0426345,-5.53968,-1.651366
47631988,5.5923705,-5.7205043,-0.66821045
47631997,5.151687,-6.894064,0.55803955
47632007,4.3912683,-10.878179,6.41506
47632017,2.7051744,-9.49745,16.409477
47632027,-1.1891272,-9.657916,7.8257265
47632037,2.8572583,-5.4726195,6.629414
47632047,6.0055113,-5.7049365,4.5936475
47632057,7.106023,-6.8892736,4.5457473
47632067,6.302494,-8.587342,5.894143
47632077,4.350553,-9.571695,7.1527257
47632086,3.138673,-10.532099,7.8377013
47632096,2.8033705,-11.862532,7.4413257
47632106,3.2093263,-12.557087,5.750442
47632116,4.2343946,-12.687616,2.9374914
47632126,5.310956,-12.82533,1.1280541
47632136,6.091732,-12.894785,0.23111938
47632146,6.6306114,-13.262421,-0.23471192
47632156,7.516769,-13.873151,-1.6082556
47632166,8.691525,-13.455219,-2.1148024
47632175,9.55972,-12.491224,-2.1878502
47632185,9.380094,-11.048225,-2.4644752
47632195,8.387359,-9.023236,-2.003434
47632205,7.38624,-6.940767,-1.341211
47632215,6.859336,-4.9445176,-1.4477893
47632225,6.292914,-2.4584875,-1.2274475
47632235,5.918093,-1.3998889,-0.9424402
47632245,5.2822156,-1.5795153,0.7496411
47632255,4.5864625,-1.7747095,3.8080812
47632264,4.3373804,-2.6345215,7.0964427
47632274,3.9469922,-3.7961059,11.2446165
47632289,3.109933,-4.416416,14.898219
47632299,2.339934,-3.9398072,16.801062
47632309,1.541195,-2.4513025,17.104033
47632319,0.6394702,-0.1484912,16.293318
47632329,0.37841308,2.0764818,14.71979
47632339,1.0418335,3.1865735,13.261223
47632349,2.7219398,2.4908204,12.334351
47632359,2.762655,2.0573218,12.099639
47632368,1.0262659,0.85382444,11.371552
47632378,2.0920496,-0.19160156,9.889035
47632388,3.554209,-1.5352075,8.253238
47632398,4.2200246,-3.1231055,6.7204247
47632408,4.7205834,-4.021238,5.5588403
47632418,5.190007,-4.2104445,4.3840833
47632428,5.49178,-4.536167,2.7925928
47632438,5.779182,-5.0750465,2.1076171
47632448,6.0486217,-5.642666,1.775907
47632457,6.1516075,-5.8905506,1.9255958
47632467,6.074967,-5.604346,2.7686427
47632477,5.7851696,-4.90979,4.030818
47632487,5.8510327,-4.3218126,5.9145007
47632497,5.750442,-3.9386096,7.8101587
47632507,5.567223,-3.3877552,10.698552
47632517,5.1696496,-2.3878345,13.919853
47632527,4.4966493,-1.419049,15.262262
47632537,4.0368056,-0.7113208,15.698155
47632546,3.7769458,-0.40954834,15.476616
47632556,3.241659,-0.25506958,14.494658
47632566,2.5806336,-0.5340893,13.203743
47632576,2.1507275,-1.3974938,11.7367935
47632586,3.0907726,-3.0740075,10.441088
47632596,4.7062135,-4.9852333,9.53577
47632606,5.9923387,-6.45817,8.63644
47632616,6.77072,-7.056925,7.2341566
47632626,7.123986,-7.9203296,5.4067564
47632635,7.5395217,-9.087902,3.68354
47632645,8.157436,-10.3931875,2.1171973
47632655,8.510702,-11.241024,0.5676196
47632665,8.652008,-11.417058,-1.0394385
47632675,8.576565,-11.35359,-2.259701
47632685,8.727451,-11.124866,-2.389032
47632695,8.572972,-10.644665,-2.1950355
47632705,8.098759,-9.560918,-2.384242
47632715,7.7526784,-7.884404,-3.2009437
47632724,7.411388,-6.2150755,-3.8404138
47632734,7.3682775,-4.8475194,-3.6991076
47632744,7.4293504,-3.9457946,-3.0835876
47632754,7.1599107,-2.9925768,-1.4825171
47632764,6.3048887,-2.337539,0.368833
47632774,5.5660253,-2.513573,2.4752526
47632784,4.92416,-1.8022522,8.322693
47632794,3.7721558,-1.3495935,11.346405
47632804,2.5279431,-0.5676196,14.043197
47632813,-0.5616321,0.8346643,17.596209
47632823,1.2549902,0.6334827,17.688417
47632833,-2.7518775,0.2945874,16.602276
47632843,-1.0490185,1.0059083,16.106506
47632853,1.1567944,0.9089099,15.039525
47632863,1.1807446,1.1867322,12.927118
47632873,4.58766,1.2765454,10.635084
47632883,5.19839,-2.5447083,10.451865
47632893,5.629493,-6.12167,10.72849
47632902,6.73719,-7.04974,8.874744
47632912,8.080796,-5.5121374,6.2162733
47632922,8.749006,-3.8140686,1.3352234
47632932,9.474697,-4.0164475,-2.14953
47632942,9.563313,-5.7312818,-3.3111145
47632952,8.883127,-6.9120264,-3.7278478
47632962,8.265212,-6.5575633,-4.3768983
47632972,8.346643,-5.4163365,-4.7517185
47632982,8.626861,-4.884642,-3.4655933
47632991,8.416099,-5.51094,-1.3340259
47633001,7.4856334,-5.9204884,1.4597644
47633011,6.356382,-5.5301,3.4919386
47633021,5.2977834,-4.355343,5.5612354
47633031,4.4427614,-3.1566358,8.410111
47633041,3.554209,-2.4285498,10.582394
47633051,3.0153296,-2.205813,11.820619
47633061,3.270399,-2.0597167,12.184662
47633071,3.739823,-2.4525,12.230167
47633080,4.348158,-2.767445,11.99785
47633090,5.107379,-3.0644274,11.999048
47633100,5.716912,-3.4679883,12.824132
47633110,5.591173,-3.4452355,13.318704
47633120,5.391189,-3.2045362,12.849279
47633130,5.133724,-2.994972,11.674522
47633140,4.951703,-2.7818153,9.677076
47633150,4.7612987,-3.1889684,5.9863515
47633160,5.4067564,-3.3697925,2.4932153
47633169,6.276149,-3.2823744,0.5376819
47633179,7.247329,-3.270399,-1.5986755
47633189,7.587422,-2.957849,-2.43813
47633199,7.0509377,-2.5686584,-3.2787817
47633209,6.108497,-3.8344262,-5.266648
47633219,6.0198817,-6.763535,-6.3911095
47633229,7.047345,-9.930948,-5.5049524
47633239,8.59812,-12.781022,-2.926714
47633248,8.646021,-14.11864,-0.67898804
47633258,7.828121,-13.802498,1.9088305
47633268,6.373147,-13.283976,2.9806018
47633278,6.0893373,-12.366683,3.6727624
47633288,6.332432,-10.862611,4.118236
47633298,6.2174706,-10.433903,4.575685
47633308,5.7935524,-11.735596,7.294032
47633318,4.5888577,-13.889915,12.170292
47633328,3.2368689,-14.148578,16.401094
47633337,2.3566992,-11.617043,17.881216
47633347,2.9494665,-7.95386,16.56635
47633357,4.077521,-4.454736,14.992823
47633367,4.764891,-1.8357825,13.8827305
47633377,3.920647,3.4775684,8.988508
47633387,-1.0250684,24.055576,16.829802
47633397,1.8824854,21.467758,3.5410364
47633407,0.48020142,-5.8402553,-8.693921
47633417,-3.861969,-10.70454,11.866124
47633426,0.9580078,-14.1378,18.67277
47633436,7.836504,-11.533216,13.640834
47633446,8.966953,-8.093968,9.501042
47633456,6.13604,-5.7025414,5.9192905
47633466,4.6738806,-4.748126,3.1362782
47633476,4.543352,-3.1207104,0.75203615
47633486,5.076244,-1.1603869,-1.6621436
47633496,6.308481,-0.54726195,-3.9146595
47633506,7.0868626,-1.4741346,-3.2033386
47633515,6.739585,-4.855902,-0.49696654
47633525,6.0246716,-8.5717745,2.0513341
47633535,5.197192,-10.475816,3.9002893
47633545,4.5050316,-10.596764,5.8222923
47633555,4.1805067,-9.975256,8.601712
47633565,3.9637573,-9.958491,11.199111
47633575,3.8248463,-10.368039,12.636123
47633585,3.5673816,-10.477013,13.172607
47633595,2.2297633,-0.09939331,16.42265
47633604,0.9687854,0.3556604,9.918973
47633614,2.5339308,-4.035608,7.254514
47633624,1.5447876,-10.280622,11.4625635
47633634,1.343606,-13.0384865,13.771362
47633644,3.9290295,-9.402846,14.025234
47633654,6.0330544,-6.963519,9.617201
47633664,6.9671116,-7.103628,6.4030848
47633674,7.865244,-8.989706,4.31822
47633684,8.756191,-9.831555,3.2931519
47633693,9.036408,-9.762099,1.7603394
47633703,8.81008,-9.55972,-0.11615845
47633713,8.270002,-9.720187,-1.4741346
47633723,7.801776,-9.85311,-2.46687
47633733,7.582632,-9.044791,-3.6799476
47633743,7.540719,-7.4544983,-5.163662
47633753,7.3586974,-5.703739,-6.2869263
47633763,7.1120105,-4.525389,-6.524033
47633773,6.654562,-3.739823,-5.908513
47633782,6.201903,-2.8979735,-5.436694
47633792,5.494175,-1.9196081,-4.0739284
47633802,4.9085927,-0.57001466,-1.2561878
47633812,4.0882983,0.3197351,2.6560767
47633822,3.4236803,1.5687377,6.1623855
47633832,2.5279431,0.852627,6.3204565
47633842,2.6572742,1.4501843,7.6413097
47633852,2.9985645,1.346001,6.4018874
47633862,3.7003052,1.8920654,5.26066
47633871,4.5912523,1.9375708,4.2343946
47633881,4.567302,0.6370752,3.8248463
47633891,3.8416114,-5.301376,4.099076
47633901,10.70933,-36.63422,-6.2007055
47633911,11.771521,-23.715483,35.40797
47633921,5.9073157,-21.830603,5.1756372
47633931,9.122629,-8.8316345,4.3134303
47633941,5.971981,-5.107379,-0.57001466
47633951,5.7444544,-5.8438478,-1.7818946
47633960,8.402926,-5.706134,1.7890795
47633970,8.836425,-6.854546,2.8524683
47633980,8.076006,-7.489226,2.7159522
47633990,7.3072047,-7.652087,2.1686902
47634000,6.6330066,-6.661747,1.2597803
47634010,6.7359924,-4.372108,0.13172607
47634020,7.019802,-2.0022364,-1.585503
47634030,7.276069,-0.35087037,-3.2715967
47634040,7.0401597,0.38919067,-2.7291248
47634049,6.476133,0.41194335,-1.1939173
47634059,5.6881714,0.8107141,-0.022752685
47634069,5.2965856,1.8357825,0.15328126
47634079,4.8966174,2.5902135,0.5628296
47634089,4.743336,2.254911,1.0657837
47634099,4.7373486,0.10777588,1.0274634
47634109,5.0570836,-3.8068836,1.3268409
47634119,8.59812,-27.137966,-11.788286
47634129,13.958174,-27.335556,21.107307
47634138,7.806566,-23.589745,15.233521
47634148,7.4904237,-14.371315,2.762655
47634158,7.619755,-5.0019984,2.7925928
47634168,5.53489,-4.0164475,-1.9267932
47634178,5.7935524,-4.157754,-1.6789087
47634188,7.169491,-4.8091993,1.111289
47634198,7.588619,-5.7049365,3.129093
47634208,7.179071,-6.5372057,4.511019
47634218,6.197113,-7.984995,5.273833
47634227,5.469027,-9.006471,5.670209
47634237,5.0594788,-7.6856174,4.785249
47634247,4.988826,-4.9840355,3.006947
47634257,4.987628,-2.2608984,1.407074
47634267,5.146897,-1.0526111,0.19399658
47634277,5.1612673,-1.2777429,-0.21076173
47634287,5.2007847,-1.5088623,-0.48020142
47634297,5.170847,-1.3124707,-0.6502478
47634307,4.9672704,-1.0250684,-0.30895752
47634316,4.8666797,-1.4262341,0.43349853
47634326,4.9505053,-2.518363,1.1340418
47634336,5.645061,-3.7027001,1.7890795
47634346,6.4569726,-4.766089,3.1410682
47634356,7.03058,-6.0103016,4.7720766
47634379,6.998247,-7.683223,6.382727
47634389,5.9767714,-8.757389,7.1599107
47634399,4.851112,-8.638836,7.728728
47634409,4.212839,-9.140592,8.126301
47634419,3.8080812,-9.54535,8.977731
47634428,3.3111145,-9.266331,9.645941
47634438,2.982997,-8.316706,9.794433
47634448,2.5650659,-7.2581067,9.856703
47634458,2.7087672,-7.108418,9.863888
47634468,3.5506165,-7.6077795,10.14171
47634478,4.5840673,-7.6173596,10.317744
47634488,5.4606447,-7.021,9.929751
47634498,5.989944,-6.370752,9.529782
47634508,5.9468336,-5.7312818,9.011261
47634517,5.696554,-4.8379393,8.851993
47634527,5.093009,-4.093088,8.286768
47634537,4.494254,-3.429668,7.984995
47634547,3.9481897,-3.0033545,7.691605
47634557,3.4655933,-2.6069787,7.1587133
47634567,3.2033386,-2.4297473,6.4066772
47634577,3.0153296,-1.9926562,5.659431
47634587,3.051255,-1.9100281,4.968468
47634597,3.270399,-1.729204,4.5301795
47634606,3.6655774,-1.6202307,4.1757164
47634616,3.9781275,-1.6082556,4.409231
47634626,4.150569,-2.046544,5.163662
47634636,4.1218286,-2.7866051,6.274951
47634646,3.9996827,-3.7961059,8.074808
47634656,3.7410204,-5.0750465,9.618399
47634666,3.36141,-6.1276574,11.303295
47634676,3.2033386,-6.9539394,13.125904
47634686,3.08239,-7.4688683,14.614409
47634695,3.1638207,-7.5922117,15.835869
47634705,3.3949401,-7.3131924,16.286133
47634715,3.612887,-5.718109,15.355668
47634725,3.5805542,-4.1373963,14.537768
47634735,3.3961377,-3.8799317,13.591736
47634745,3.1937585,-4.143384,12.699591
47634755,2.8333082,-3.6607873,13.232483
47634765,2.3543043,-3.5673816,13.398937
47634775,2.3495142,-3.2680042,13.529466
47634784,2.689607,-2.5578809,12.723541
47634794,3.1793885,-3.0620325,11.030262
47634804,3.0273046,-3.5817518,9.753717
47634814,3.3877552,-5.0103807,9.575288
47634824,4.26074,-2.6979895,7.6724453
47634834,2.2656884,-2.4093897,2.222578
47634844,4.0020776,-2.938689,1.3196558
47634854,4.423601,-0.6969507,0.09460327
47634864,5.356461,0.37242553,-2.271676
47634873,5.884563,0.9017249,-3.3566198
47634883,6.170768,0.6825806,-3.9014869
47634893,6.795868,0.44427612,-4.4104285
47634903,7.042555,0.18082398,-4.758904
47634913,7.4616833,-0.7244934,-5.101392
47634923,7.819739,-2.0848646,-6.239026
47634933,7.9227247,-3.3039293,-5.7001467
47634943,7.946675,-5.4726195,-5.322931
47634953,7.658075,-7.0150123,-3.4129028
47634962,6.9204087,-7.4161777,-1.0777588
47634972,5.9049206,-6.7048573,0.6442602
47634982,5.403164,-5.061874,2.1387525
47634992,5.6330857,-2.9985645,2.9865894
47635002,6.483318,-1.3352234,3.2775843
47635012,7.5251513,-0.26345214,3.5170863
47635022,8.461604,-0.368833,3.0428724
47635032,9.417217,-2.283651,2.75547
47635042,10.870994,-6.810238,1.1999048
47635051,12.879217,-13.018128,-1.0166858
47635061,15.627502,-15.496974,0.065863036
47635071,16.278948,-12.47446,1.2789404
47635081,14.257551,-8.820857,-1.84177
47635091,12.845687,-7.6712475,-3.6200721
47635101,12.086466,-7.7526784,-0.3556604
47635111,12.140354,-7.526349,4.301455
47635121,11.903247,-6.2330384,8.322693
47635131,10.4075575,-4.8594947,8.513097
47635145,8.475974,-2.8560607,6.7312026
47635155,6.316864,0.28620484,5.0630713
47635165,4.773274,4.1302114,2.515968
47635175,3.8475988,9.080716,-0.85023195
47635185,3.3422499,12.8876,-4.701423
47635195,2.6692493,14.671889,-7.1383557
47635204,2.6273365,13.887521,-8.210127
47635214,3.4404457,11.488909,-7.738308
47635224,4.0954833,8.458012,-5.767207
47635234,5.003196,5.395979,-3.9338195
47635244,5.669011,1.8477576,-2.2812562
47635254,6.581514,-1.7723144,-0.2215393
47635264,7.6389146,-6.9144216,0.8562195
47635274,9.437574,-12.22897,1.648971
47635284,11.418256,-16.372353,2.4441175
47635293,12.90197,-17.539925,4.325405
47635303,11.825409,-16.44061,3.9122643
47635313,10.490186,-14.588064,0.69216067
47635323,10.584789,-12.2146,-1.2346326
47635333,11.445798,-9.192085,-1.9758911
47635343,12.600198,-5.925278,-1.9184107
47635353,13.5127,-3.2751892,-1.350791
47635363,13.242063,-1.4465919,-0.49097902
47635373,11.89726,-0.18561402,0.59156984
47635382,10.229129,1.343606,1.4441968
47635392,8.945398,2.943479,1.3927039
47635402,8.140672,4.4331813,0.5831873
47635412,7.6616673,5.6259007,-0.38919067
47635422,7.4880285,6.678512,-1.5435901
47635432,7.6173596,7.70837,-2.518363
47635442,7.625742,8.224497,-3.1482532
47635452,7.2293663,8.092771,-3.102748
47635462,6.6425867,7.420968,-2.5614734
47635471,6.148015,6.302494,-1.5759228
47635481,5.7276893,5.0415163,0.015567627
47635491,5.4893847,3.6404297,1.6525635
47635501,5.6666164,1.9507434,3.8116736
47635511,5.8642054,0.23950195,6.563551
47635521,6.1468177,-1.5376025,7.795789
47635531,6.5863037,-2.623744,8.161029
47635541,7.274872,-3.3159046,8.019723
47635551,7.865244,-3.6727624,7.628137
47635560,8.388556,-3.1482532,6.983877
47635570,8.84361,-2.9566517,7.8796144
47635580,7.7107654,-3.119513,9.453142
47635590,5.3780165,-2.3806493,9.062754
47635600,3.766168,-1.3915063,8.575367
47635610,3.0249097,0.0371228,8.867559
47635620,2.77463,1.6645386,9.156159
47635630,2.4201672,3.194956,9.177715
47635640,2.0896544,4.2319994,9.406439
47635649,1.7926722,3.9529798,10.947635
47635659,1.3723462,2.6620643,12.448114
47635669,1.3567786,1.7878821,13.4815645
47635679,1.1843371,1.1400293,13.213323
47635689,1.1388317,1.2525952,12.621753
47635699,1.1436218,1.8154248,12.146341
47635709,0.96040285,2.4177723,11.33922
47635719,0.5724097,3.246449,10.590776
47635729,0.27422974,4.0679407,9.708212
47635738,0.17962646,4.7864466,9.13221
47635748,0.1484912,4.8942223,8.783734
47635758,-0.067060545,4.6008325,8.832832
47635768,-0.13651611,4.235592,9.031619
47635778,-0.35925293,3.9601648,9.152567
47635788,-0.45984375,3.8344262,9.376501
47635798,-0.5233118,3.7709582,9.291478
47635808,-0.44786865,3.873944,9.034014
47635818,-0.34248778,4.199667,8.788525
47635827,-0.45265868,4.5050316,8.270002
47635837,-0.32093263,4.8427296,7.829319
47635847,-0.2933899,4.815187,7.514374
47635857,-0.31374756,4.8942223,7.4077954
47635867,-0.43349853,4.89063,7.317982
47635877,-0.63587767,4.8235693,7.195836
47635887,-0.6059399,4.749324,7.2413416
47635897,-0.75083864,4.6619053,7.205416
47635907,-0.8083191,4.629573,7.133566
47635916,-0.8190967,4.831952,6.9946547
47635926,-0.6394702,4.8942223,6.9754944
47635936,-0.7688013,4.7864466,6.918014
47635946,-0.85142946,4.59724,7.076085
47635956,-0.9675879,4.4954515,7.197034
47635966,-1.2226574,4.477489,7.339537
47635976,-1.3208532,4.4247985,7.6173596
47635986,-1.4394068,4.409231,7.7430983
47635996,-1.3903089,4.409231,7.7754307
47636005,-1.3448035,4.5038342,7.892787
47636015,-1.4082714,4.538562,7.884404
47636025,-1.3148657,4.62119,7.904762
47636035,-1.3232483,4.5936475,7.9598475
47636045,-1.2681628,4.637955,7.7790236
47636055,-1.3184582,4.5074267,7.7862086
47636065,-1.2969031,4.4894643,7.848479
47636075,-1.3340259,4.4271936,7.9933777
47636085,-1.4274316,4.360133,8.139474
47636094,-1.531615,4.4271936,8.213719
47636104,-1.4465919,4.4104285,8.258027
47636114,-1.348396,4.5301795,8.242459
47636124,-1.348396,4.5038342,8.20414
47636134,-1.3795313,4.5325747,8.24725
47636144,-1.4609619,4.6595106,8.187374
47636154,-1.4429992,4.6714854,8.175399
47636164,-1.5232325,4.667893,8.242459
47636174,-1.5016773,4.7397437,8.1071415
47636183,-1.5124549,4.687053,8.1143265
47636193,-1.4238391,4.7086086,8.169412
47636203,-1.4370117,4.7373486,8.125104
47636213,-1.4609619,4.743336,8.260423
47636223,-1.4106665,4.7601013,8.224497
47636233,-1.4537768,4.622388,8.071216
47636243,-1.287323,4.6427455,8.133487
47636253,-1.2681628,4.5421543,8.246052
47636263,-1.3088782,4.567302,8.144264
47636273,-1.1831397,4.472699,8.078401
47636282,-1.2130774,4.4176135,8.291557
47636292,-1.1795471,4.409231,8.27599
47636302,-1.1591895,4.398453,8.368198
47636312,-1.223855,4.380491,8.29515
47636322,-1.169967,4.3146276,8.390951
47636332,-1.1951147,4.350553,8.25683
47636342,-1.0526111,4.4128237,8.310718
47636352,-1.0909314,4.4008484,8.278385
47636362,-0.9460327,4.319418,8.334668
47636371,-0.92687255,4.291875,8.329878
47636381,-0.9077124,4.3469605,8.196955
47636391,-0.9196875,4.296665,8.184979
47636401,-0.9963281,4.237987,8.159832
47636411,-1.0262659,4.2715173,8.135881
47636421,-1.0023156,4.2655296,8.205337
47636431,-0.99752563,4.223617,8.145461
47636441,-0.9783655,4.115841,8.381371
47636451,-0.9460327,4.02962,8.3957405
47636460,-0.9963281,4.040398,8.443642
47636470,-0.97237796,3.9577699,8.55022
47636480,-0.8825647,4.0607557,8.412506
47636490,-0.92567503,4.0571632,8.367001
47636500,-1.0106982,4.1002736,8.420889
47636510,-1.0585986,4.1445813,8.33347
47636520,-1.1795471,4.148174,8.29515
47636530,-1.1915222,4.1445813,8.460406
47636540,-1.2561878,4.0368056,8.458012
47636549,-3.368595,7.2078114,10.649454
47636559,1.5459851,2.692002,10.07944
47636569,0.4897815,1.6765137,10.967992
47636579,-2.8907886,2.3339465,10.177635
47636589,-2.2872436,3.5673816,8.143066
47636599,-1.8729053,4.1637416,9.099876
47636609,-1.4058765,4.2391844,8.6280575
47636619,-1.2070899,4.794829,7.96344
47636629,-1.1819421,5.278623,7.5742493
47636639,-1.5447876,4.902605,7.8005786
47636648,-1.7100439,4.5852647,8.186176
47636658,-1.5986755,4.3936634,8.161029
47636668,-1.4298266,4.5074267,8.180189
47636678,-1.2777429,4.5146117,8.404123
47636688,-1.099314,4.1385937,8.65081
47636698,-1.0657837,3.7517982,8.81008
47636708,-1.096919,3.6116896,8.835227
47636718,-1.1436218,3.8847218,8.552615
47636728,-1.0825489,4.006868,8.5083065
47636737,-1.0011182,4.047583,8.458012
47636747,-1.0597961,4.064348,8.249645
47636757,-1.1076965,4.261937,8.119116
47636767,-1.1053015,4.4403663,8.074808
47636777,-1.0885364,4.2810974,8.149054
47636787,-1.23104,4.2499623,8.213719
47636797,-1.1567944,4.1242237,8.305927
47636807,-1.1280541,4.1302114,8.323891
47636817,-1.1603869,4.127816,8.430469
47636826,-1.2058923,3.98172,8.511899
47636836,-1.1687695,3.98172,8.412506
47636846,-1.2861255,4.1074586,8.440049
47636856,-1.2669654,4.040398,8.284372
47636866,-1.2178674,4.2367897,8.310718
47636876,-1.2011023,4.223617,8.0999565
47636886,-1.2094848,4.27032,8.061636
47636896,-1.111289,4.3218126,8.109536
47636906,-1.2178674,4.3074427,8.093968
47636915,-1.0562036,4.2224193,8.085586
47636925,-1.1244617,4.2511597,8.302335
47636935,-1.0861413,4.1529636,8.216114
47636945,-1.0095007,4.1924815,8.151449
47636955,-1.0178833,4.2511597,8.2197075
47636965,-0.97118044,4.216432,8.192164
47636975,-0.90531737,4.218827,8.161029
47636985,-0.9855505,4.2391844,8.034093
47636995,-0.95321774,4.267925,8.177794
47637004,-0.9400452,4.1302114,8.195757
47637014,-0.9687854,4.078718,8.320298
47637024,-0.9340576,4.0272255,8.325088
47637034,-0.9412427,4.0739284,8.337063
47637044,-0.9687854,4.054768,8.326285
47637054,-1.0166858,4.054768,8.412506
47637064,-1.0382409,4.071533,8.363408
47637074,-1.0538086,4.0511756,8.407716
47637084,-1.111289,4.197272,8.287965
47637093,-1.0466236,4.181704,8.283175
47637103,-1.0669812,4.1397915,8.316706
47637113,-1.0909314,4.164939,8.332273
47637123,-1.0861413,4.218827,8.393346
47637133,-1.0789562,4.091891,8.399334
47637143,-1.1053015,4.0463853,8.3957405
47637153,-1.0609937,4.045188,8.372989
47637163,-1.0945239,4.1050634,8.375383
47637173,-1.0753638,4.0344105,8.517887
47637182,-1.0981164,3.9721398,8.462802
47637192,-1.1520044,4.023633,8.463999
47637202,-1.1891272,4.0751257,8.474776
47637212,-1.233435,4.1218286,8.495134
47637222,-1.2777429,4.157754,8.472382
47637232,-1.2478051,4.2559495,8.337063
47637242,-1.3052857,4.2978625,8.357421
47637252,-1.3687537,4.2439747,8.238867
47637262,-1.4238391,4.2858872,8.359816
47637271,-1.3424084,4.1302114,8.466394
47637281,-1.3651612,4.0344105,8.479567
47637291,-1.411864,3.9613624,8.600515
47637301,-1.299298,4.0008802,8.546627
47637311,-1.2981006,4.0739284,8.495134
47637321,-1.3172607,4.1098537,8.4520235
47637331,-1.3268409,4.2020617,8.372989
47637341,-1.5807129,4.120631,5.9049206
47637351,-2.015409,4.9936156,8.699908
47637360,-0.803529,4.206852,7.6712475
47637370,-0.5005591,3.8440063,9.305848
47637380,-0.66940796,3.36141,9.096284
47637390,-1.0370435,3.3973353,9.244776
47637400,-1.0382409,3.4643958,9.437574
47637410,-1.3292358,3.7134778,9.013656
47637420,-2.8668385,3.8188586,8.061636
47637430,-1.9914588,4.2032595,8.029303
47637439,-1.2525952,4.179309,8.29036
47637449,-0.96040285,4.1242237,8.226892
47637459,-1.1783496,4.1074586,8.281978
47637469,-1.5220349,4.28948,8.224497
47637479,-1.6777111,4.205654,8.273595
47637489,-1.5627502,4.174519,8.368198
47637499,-1.4597644,4.1194334,8.496332
