950694,-1.8896704,3.1446607,8.402926
950703,-1.9220031,3.2895594,8.446036
950713,-1.961521,3.3961377,8.329878
950723,-2.0094213,3.3470397,8.528665
950821,-2.2561083,3.265609,8.780142
950831,-2.3064039,3.2213013,8.778944
950841,-2.3507116,3.2296839,8.737031
950851,-2.330354,3.1841784,8.705896
950861,-2.3387365,3.1817834,8.772957
950871,-2.3674767,3.0668225,8.757389
950881,-2.4560926,2.9470716,8.79571
950890,-2.3770568,3.0416749,8.759784
950900,-2.513573,2.899171,8.568182
950910,-2.4716601,3.009342,8.376581
950920,-2.5004003,3.1135254,8.332273
950930,-2.501598,3.2201037,8.095166
950940,-2.5650659,3.4152977,7.770641
950950,-2.6105714,3.7649708,7.6029897
950960,-2.7818153,4.0188427,7.4473133
950969,-3.1302905,4.3852806,6.9527416
950979,-3.3290772,4.331393,6.5192432
950989,-3.453618,3.7781434,6.3300366
950999,-3.5482213,3.3949401,6.2809386
951009,-3.5554066,2.4848328,6.2893214
951019,-3.8260436,1.4968872,6.5132556
951029,-3.8895118,0.54366946,6.3515916
951038,-3.984115,-0.24189697,6.028264
951048,-4.240382,-1.1280541,5.5073476
951058,-4.4224033,-2.2285657,4.773274
951068,-4.463119,-2.9494665,4.3218126
951078,-4.188889,-3.6033068,3.7206628
951088,-3.8847218,-4.1864944,3.1734009
951098,-3.290757,-4.7612987,2.9135413
951108,-2.5890162,-5.190007,2.5339308
951117,-1.7004639,-5.4738173,1.9255958
951127,-0.852627,-5.84265,1.033451
951137,-0.1101709,-6.4090724,-0.0490979
951147,0.5903723,-7.005432,-0.74006104
951157,1.1376343,-7.892787,-1.905238
951167,1.6549585,-8.98731,-2.5710535
951177,2.2752686,-10.036329,-3.1817834
951187,2.9698243,-10.844648,-3.8751416
951196,3.5889368,-11.445798,-4.733756
951206,4.184099,-12.364288,-5.6259007
951216,4.8451247,-12.832515,-5.9396486
951226,5.3995714,-12.8876,-6.8305955
951236,5.769602,-12.870835,-7.2832546
951246,6.1156826,-13.003758,-7.6616673
951256,6.805448,-13.251643,-7.8736267
951266,7.1371584,-13.689932,-7.7419004
951275,7.218589,-14.258749,-7.4784484
951285,7.026987,-15.026353,-7.2269716
951295,6.4438,-15.601157,-7.01142
951305,5.8905506,-16.240627,-6.563551
951315,5.173242,-16.875307,-5.7049365
951325,4.3948607,-16.581917,-4.9720607
951335,3.558999,-15.110178,-3.8140686
951345,3.7613783,-11.185939,-3.906277
951354,2.9255164,-7.01142,-6.0570045
951364,1.5723304,-4.0894957,-7.8664417
951374,0.58438474,-4.045188,-8.921448
951384,0.6286926,-5.806725,-9.061557
951394,1.0657837,-7.5514965,-9.601633
951404,1.7555493,-8.216114,-10.684182
951414,2.102827,-7.853269,-11.660152
951423,2.3483167,-7.2581067,-12.457694
951433,2.198628,-6.7994604,-12.608581
951443,1.8238074,-6.534811,-11.943962
951453,1.3723462,-6.470145,-11.061398
951463,0.9029224,-6.4964905,-10.608739
951473,0.38320312,-6.4162574,-10.169253
951483,0.15208374,-5.9516234,-10.548863
951493,-0.44906616,-5.6726036,-10.912907
951502,-1.275348,-6.100115,-10.41594
951512,-1.9375708,-6.342012,-9.432784
951522,-2.647694,-6.6569567,-8.289163
951532,-2.9937744,-6.45338,-7.484436
951542,-3.441643,-6.0785594,-7.1168003
951552,-3.9805224,-5.8103175,-6.690487
951562,-4.3289976,-5.5899754,-7.0904555
951572,-4.792434,-5.574408,-7.6425076
951581,-5.5456676,-5.7935524,-7.500004
951591,-6.274951,-6.1132874,-6.8820887
951601,-6.986272,-6.3180614,-6.2007055
951611,-7.1826634,-6.309679,-5.722899
951621,-7.4221654,-6.4821205,-5.931266
951631,-7.3754625,-6.4725404,-6.3456044
951641,-7.6005945,-6.468948,-6.267766
951651,-7.5766444,-6.2498035,-6.4246397
951660,-7.3287597,-6.516848,-6.314469
951670,-7.0641103,-6.8401756,-6.084547
951680,-6.673722,-6.885681,-5.652246
951690,-6.646179,-6.739585,-5.4342995
951700,-6.807843,-6.2617784,-5.437892
951710,-6.937174,-5.8342676,-5.332511
951720,-6.9455566,-5.5803957,-5.576803
951729,-6.75156,-5.2882032,-5.860613
951739,-6.4869103,-5.1756372,-5.6833816
951749,-6.43422,-5.3241286,-5.4390893
951759,-6.42943,-5.4390893,-5.0822315
951769,-6.4402075,-5.127737,-4.7864466
951779,-6.716832,-5.0307384,-4.5792775
951789,-6.6940794,-4.525389,-4.8798523
951799,-6.7479677,-4.155359,-5.1480947
951808,-6.810238,-4.123026,-2.9446764
951828,-6.4354177,-4.387676,-5.093009
951837,-6.284531,-4.590055,-5.2403026
951847,-6.114485,-4.7157936,-5.1552796
951857,-6.170768,-4.8355446,-4.966073
951867,-6.325247,-4.6331654,-4.7181883
951877,-6.3156667,-4.622388,-4.6319675
951887,-6.12646,-4.736151,-4.399651
951897,-6.0977197,-4.7110033,-4.4104285
951907,-6.001919,-4.88584,-4.406836
951916,-5.779182,-5.070256,-4.216432
951926,-5.677394,-5.1049843,-4.3960586
951936,-5.7827744,-5.0942063,-4.526587
951946,-6.0426345,-5.1672544,-4.3613305
951956,-6.0833497,-5.273833,-4.3960586
951966,-5.948031,-5.358856,-4.8523097
951976,-5.740862,-5.5193224,-5.315746
951986,-5.6570363,-5.706134,-5.6654186
951995,-5.7288866,-5.931266,-5.9540186
952005,-5.5456676,-6.0893373,-6.363567
952015,-5.581593,-6.1132874,-6.5108604
952025,-5.6654186,-5.915698,-6.6844997
952035,-6.12646,-5.6390734,-6.4749355
952045,-6.3839245,-5.47741,-6.267766
952055,-6.8114357,-5.710924,-5.769602
952064,-7.1263804,-5.82349,-5.264253
952074,-7.1347632,-6.021079,-5.100194
952084,-7.3048096,-6.1049047,-5.252278
952094,-7.6245446,-6.1156826,-5.4881873
952104,-8.093968,-6.0474243,-6.065387
952114,-7.94907,-5.9564137,-6.3228517
952124,-7.8448863,-5.8737855,-6.551576
952134,-7.5047936,-5.7767873,-6.636599
952143,-6.7204247,-5.886958,-6.387517
952153,-5.5516553,-5.909711,-6.2617784
952163,-4.6427455,-5.82349,-6.1959157
952173,-4.1852965,-5.781577,-6.5719337
952183,-4.1829014,-5.7133193,-6.8976564
952193,-4.1122484,-5.863008,-7.0952454
952203,-3.98172,-6.0246716,-7.220984
952213,-3.5087037,-6.199508,-7.252119
952222,-2.6908045,-6.4893055,-7.094048
952232,-2.0333717,-6.6306114,-7.0629125
952242,-1.6573535,-6.4354177,-7.253317
952252,-1.3747412,-6.236631,-7.6341248
952262,-1.0011182,-6.556366,-7.9035645
952272,-0.7161108,-6.9850745,-7.7814183
952282,-0.42152345,-7.3586974,-7.6808276
952292,-0.2574646,-7.8101587,-7.6401124
952301,-0.2203418,-7.7838135,-7.3766603
952311,-0.2802173,-7.8736267,-7.0904555
952321,-0.21555176,-7.9059596,-6.7335973
952331,-0.12573853,-8.305927,-5.950426
952341,0.3221301,-8.90109,-5.4187317
952351,0.7747888,-9.663904,-4.8415318
952361,1.0753638,-9.963282,-5.076244
952370,0.93286014,-9.744137,-5.6642213
952380,0.556842,-9.398057,-6.1815453
952390,0.24309449,-8.995693,-6.3791347
952400,-0.20597167,-8.549023,-6.3767395
952410,-0.5760022,-8.704699,-6.072572
952420,-0.75083864,-8.863967,-5.603148
952430,-0.852627,-9.236393,-5.1456995
952440,-0.9951306,-9.44955,-4.5792775
952449,-1.2322376,-9.608818,-4.2822948
952459,-1.4693445,-9.724977,-3.9577699
952469,-1.7256116,-9.902208,-3.9469922
952479,-1.848955,-9.613608,-4.0392003
952489,-1.9998413,-9.386082,-4.5684996
952499,-1.9890637,-9.0639515,-4.9109874
952509,-2.123185,-9.016051,-4.870272
952519,-2.1483326,-9.1202345,-4.467909
952528,-2.086062,-9.032816,-4.167334
952538,-2.095642,-8.913065,-3.7769458
952548,-1.9950513,-8.851993,-3.676355
952558,-2.1112096,-8.977731,-3.5218763
952568,-2.1363573,-8.937016,-3.4404457
952578,-2.3004162,-8.871152,-3.3506324
952588,-2.6297314,-8.780142,-3.497926
952598,-2.6740394,-8.695118,-3.671565
952607,-2.8728259,-8.702304,-3.666775
952617,-3.0273046,-8.695118,-3.5637891
952627,-3.234474,-8.514295,-3.5925293
952637,-3.485951,-8.543035,-3.676355
952647,-3.627257,-8.437654,-3.6512072
952657,-3.8535864,-8.26641,-4.02962
952667,-3.97693,-8.120314,-4.3385777
952677,-3.9709425,-8.102351,-4.4762917
952686,-3.9314246,-8.279583,-4.3924656
952696,-3.8368213,-8.619676,-4.2834926
952706,-3.9709425,-8.866363,-4.176914
952716,-4.0368056,-8.890312,-4.1529636
952726,-4.1002736,-8.8316345,-4.216432
952736,-4.1242237,-8.705896,-4.3206153
952746,-4.148174,-8.420889,-4.435576
952755,-4.2032595,-8.24725,-4.6571155
952765,-4.350553,-7.955057,-4.7301636
952775,-4.475094,-7.867639,-4.6319675
952785,-4.491859,-7.946675,-4.5002418
952795,-4.461921,-8.125104,-4.3146276
952805,-4.2787023,-8.31431,-4.2882824
952815,-4.1864944,-8.21851,-4.525389
952825,-4.042793,-8.031698,-4.7385464
952834,-3.9972875,-8.066425,-4.8942223
952844,-3.8320313,-7.9861927,-5.0103807
952854,-3.6464171,-7.9346995,-5.101392
952864,-3.4667907,-7.7514806,-5.1876125
952874,-3.2763867,-7.7347155,-5.2678456
952884,-3.0392797,-7.756271,-5.2415004
952894,-2.802173,-8.020921,-5.125342
952904,-2.6105714,-8.420889,-5.0582814
952913,-2.6021888,-8.509504,-5.1289344
952923,-2.9482691,-8.649613,-5.1133666
952933,-3.4488282,-8.456814,-5.4019666
952943,-4.030818,-8.414901,-5.3875966
952953,-4.594845,-8.194559,-5.3971767
952963,-4.9936156,-8.091574,-5.388794
952973,-5.5528526,-7.8784165,-5.330116
952983,-5.7516394,-7.6724453,-5.3899913
952992,-5.9612036,-7.401808,-5.47741
953002,-6.2150755,-7.197034,-5.3480787
953012,-6.2414207,-6.971902,-5.1864147
953022,-6.1204724,-7.0090246,-4.91458
953032,-6.1611876,-7.028185,-4.637955
953042,-5.894143,-6.7970653,-4.5768824
953052,-5.742059,-6.421047,-4.508624
953061,-5.611531,-6.234236,-4.59245
953071,-5.6175184,-6.4653554,-4.6475353
953081,-5.3852015,-6.798263,-4.614005
953091,-5.400769,-6.854546,-5.088219
953101,-5.6007533,-6.819818,-5.4163365
953111,-6.2521987,-6.370752,-5.5600376
953121,-6.9898643,-5.8737855,-5.718109
953131,-7.6904078,-5.471422,-5.5947657
953140,-8.317903,-5.9959316,-5.5312977
953150,-8.696316,-6.7359924,-5.252278
953160,-8.8963,-7.4329433,-5.5456676
953170,-9.1621475,-8.035291,-5.812712
953180,-9.336984,-8.340655,-5.9001307
953190,-9.8519125,-8.186176,-6.6066613
953200,-10.839858,-7.9430823,-3.3410523
953210,-11.740386,-4.780459,14.7688875
953219,-8.144264,-5.576803,-7.0868626
953229,-9.354946,-4.390071,2.325564
953239,-11.015892,-9.2256155,-0.556842
953249,-7.4556956,-12.5319395,-5.4163365
953259,-6.295309,-12.734319,-6.582711
953269,-5.5073476,-11.304492,-7.2245765
953279,-4.24637,-9.084309,-7.33834
953289,-2.5782385,-7.812554,-4.252357
953298,-0.5879773,-6.4330225,1.4801221
953308,0.8214917,-4.040398,6.836583
953318,2.3638842,-4.006868,3.7482057
953328,2.9255164,-7.301217,1.3124707
953338,-0.9508228,-7.401808,1.7842896
953348,-2.6931994,-5.8498354,0.35326537
953358,-1.2813355,-6.843768,-2.5423133
953368,-0.76640624,-7.9514647,-4.125421
953377,-1.3364209,-6.934779,-8.018525
953387,-3.578159,-5.9492283,-8.369396
953397,-7.1287756,-7.95386,-7.691605
953407,-11.429033,-10.268646,-8.931027
953417,-17.857265,-10.529703,-14.864689
953427,-19.94692,-7.2736745,-13.81567
953437,-9.11784,-3.6512072,-6.9060388
953446,-0.74125856,-7.205416,-11.05541
953456,-3.6440222,-10.42073,-12.2625
953466,-5.4175344,-10.233918,-11.473341
953490,-7.350315,-6.1073,-10.697354
953499,-4.5217967,-6.932384,-3.6631823
953509,-2.1627026,-7.2628965,5.126539
953519,-1.1076965,-5.6438637,10.387199
953529,-0.6598279,-2.7051744,11.215877
953539,1.9878662,-8.6077,6.444998
953549,0.99872315,-12.019405,3.060835
953559,-3.8847218,-9.649533,0.6646179
953569,-5.429509,-2.398612,1.4573693
953578,-0.48618898,-6.595884,-1.1591895
953588,0.3568579,-7.995773,-1.8729053
953598,-0.70533323,-7.69879,-6.0833497
953608,-3.5745666,-7.9694276,-12.353511
953618,-7.780221,-11.445798,-10.225536
953628,-16.81184,-12.910353,-9.263935
953638,-23.855593,-13.337864,-13.804893
953648,-18.588943,-6.3036914,-15.669415
953657,-6.509663,-1.3903089,-9.437574
953667,-1.1735595,-6.0953245,-9.097482
953677,-5.5456676,-6.844966,-6.300099
953687,-6.75156,-6.5384035,-10.04591
953697,-7.0808754,-3.4021254,-8.110734
953707,-4.487069,-3.011737,-4.4403663
953717,-2.0046313,-3.634442,3.2093263
953727,-1.0394385,-3.0308971,12.255315
953736,1.5986755,-3.5697765,11.764336
953746,4.0176454,-7.94907,4.9696655
953756,-0.36284545,-10.005194,2.1615052
953766,-3.627257,-9.845925,-2.0369642
953776,-5.435497,-6.1911254,-2.3531067
953786,-3.9026842,-6.890471,-6.7551527
953796,-1.2801379,-4.4499464,-7.037765
953806,-1.4178516,-3.9194496,-10.663824
953815,-4.149371,-5.7875648,-12.527149
953825,-9.412427,-8.596923,-10.841056
953835,-19.802021,-8.326285,-9.618399
953845,-18.1291,-5.701344,-12.838502
953855,-7.975415,-1.2885205,-12.900773
953865,-4.0320153,-2.6860144,-9.566906
953875,-2.9961693,-6.6988697,-9.467512
953884,-5.273833,-7.7179503,-7.891589
953894,-5.859415,-6.660549,-7.1311707
953904,-5.4678297,-8.811276,-7.08327
953914,-3.8871167,-9.323811,-4.932543
953924,-3.9913,-6.8796935,-2.6848168
953934,-3.5039136,-6.1935205,-2.9279113
953944,-1.8884729,-7.129973,-3.119513
953954,-0.8693921,-9.229208,-4.0906935
953963,0.07304809,-12.094849,-4.714596
953973,0.010777588,-14.222823,-5.1768346
953983,-0.47301635,-13.724659,-5.9707837
953993,-0.857417,-13.584551,-6.2593837
954003,-0.9556128,-13.2241,-5.149292
954017,-1.0741663,-12.088861,-4.9205675
954027,-1.4885046,-12.209809,-4.094286
954037,-1.3939013,-12.066109,-2.198628
954047,-2.1698878,-10.499765,-1.9088305
954057,-2.990182,-6.5360084,-3.8164637
954066,-3.2236962,-0.5448669,-7.557484
954076,-2.9698243,3.4596057,-9.093889
954086,-3.9026842,1.9890637,-8.710686
954096,-4.2415795,-3.5949242,-6.084547
954106,-3.561394,-7.562274,-7.2389464
954116,-3.4620008,-11.282937,-6.1073
954126,-4.4738965,-8.932225,-7.1120105
954136,-4.1026683,-6.8114357,-9.16574
954145,-4.296665,-4.678671,-10.265054
954155,-5.3624487,-7.028185,-8.423284
954165,-5.215155,-10.948832,-4.7457314
954175,-4.3685155,-13.861176,-2.5279431
954185,-4.648733,-10.5129385,-0.8957373
954195,-5.724097,-6.119275,-3.9266346
954205,-6.764733,-1.6705261,-4.1361985
954215,-8.080796,-0.5736072,-5.9635987
954224,-9.196875,-4.566105,-1.2909155
954234,-10.048305,-11.879297,-0.857417
954244,-10.346484,-15.5005665,-7.545509
954254,-13.154645,-9.669891,-5.3145485
954264,-11.056607,-9.13221,-3.6871326
954274,-7.1778736,-9.671089,-4.406836
954284,-5.8175025,-8.9022875,-3.2680042
954293,-6.956334,-8.176597,-2.2525158
954303,-7.3299575,-8.268805,-2.1854553
954313,-7.3766603,-8.113129,-2.5171654
954323,-7.562274,-7.420968,-3.194956
954333,-7.219786,-8.120314,-2.6488917
954343,-5.351671,-12.203822,4.0008802
954353,-5.726492,-16.29212,3.6404297
954365,-7.1515284,-10.837463,7.8867993
954375,-6.0031166,-12.500805,-3.05365
954385,-3.5685792,-9.641151,-3.9661524
954395,-5.750442,-4.763694,-1.23104
954405,-9.3944645,-3.5254688,-2.9674292
954415,-4.775669,-1.2525952,0.23830444
954425,-4.023633,-4.6834607,2.3590941
954434,-3.8978944,-7.2461314,5.4438796
954444,-4.8163843,-7.739506,9.54535
954454,-5.449867,-5.1935997,12.620556
954464,-7.2832546,-2.8249254,8.93941
954474,-8.040081,1.0238708,5.863008
954484,-7.253317,1.9770886,2.518363
954494,-6.0761647,0.43589357,0.5233118
954504,-5.398374,-1.6334033,6.2318406
954513,-5.0307384,-4.8355446,5.4091516
954523,-3.9853125,-5.7217016,3.549419
954533,-3.1482532,-6.980284,1.6573535
954543,-3.786526,-8.164621,5.81391
954553,-6.541996,-7.094048,9.899814
954563,-8.52627,-5.3923864,7.108418
954573,-7.1826634,-2.814148,3.2608192
954583,-4.9780483,0.0035925293,2.3076012
954592,-5.0259485,1.2142749,-0.42391846
954602,-6.187533,-1.0370435,-2.14953
954612,-7.101233,-4.1852965,-3.5170863
954622,-7.444918,-8.129894,-3.8344262
954632,-7.1527257,-10.6817875,-1.9627185
954642,-7.458091,-11.00272,-2.15911
954652,-7.662865,-9.319021,-6.0498195
954662,-6.685697,-8.226892,-9.48308
954671,-5.760022,-9.936936,-11.388318
954681,-7.237749,-6.810238,-14.483881
954691,-8.120314,-10.485395,-17.022602
954701,-7.286847,-15.047908,-16.12926
954711,-6.4102697,-16.061,-12.48883
954721,-4.125421,-8.047266,-7.3563023
954731,-2.9794042,-4.5780797,-7.865244
954741,-2.75547,-9.25675,-1.5507752
954750,-2.8668385,-13.777349,3.7290454
954760,-2.4249573,-16.751965,4.0667434
954770,-4.3948607,-14.497053,-0.45265868
954780,-6.6821046,-11.039843,-4.022435
954790,-7.35271,-11.133248,-4.3517504
954800,-6.700067,-11.655362,-3.9709425
954810,-6.2653713,-10.206376,-4.775669
954819,-6.1156826,-8.389753,-5.732479
954829,-6.109695,-7.394623,-6.1444225
954839,-6.0318565,-7.3682775,-6.171965
954849,-6.030659,-7.076085,-6.098917
954859,-6.1132874,-6.4797254,-5.527705
954872,-6.030659,-5.498965,-5.158872
954881,-5.9372535,-4.8415318,-4.5840673
954891,-3.3913476,2.7854078,-7.296427
954901,-9.148974,5.898933,-23.96217
954911,-10.374027,-10.168056,-8.091574
954921,-6.119275,-21.28933,9.19448
954931,0.039517824,-10.032737,-0.8454419
954941,-2.5686584,-2.0094213,-10.322535
954951,-5.576803,-8.267608,-7.5491014
954960,-3.7218604,-9.934541,-3.1925611
954970,-2.3770568,-5.5540504,-4.8894324
954980,-2.523153,-4.277505,-7.604187
954990,-2.3566992,-4.9780483,-7.3359447
955000,-0.19279908,-6.4030848,-5.454657
955010,0.7867639,-5.980364,-4.8642845
955020,0.60354495,-5.5025573,-5.8977356
955030,-0.23111938,-5.247488,-6.8114357
955039,-2.4908204,-5.8390574,-5.5923705
955049,-4.5960426,-6.342012,-4.2906775
955059,-6.157595,-5.7935524,-3.5290613
955069,-8.368198,-4.076323,-4.763694
955079,-9.845925,-2.6081762,-5.670209
955089,-10.019565,-4.4810815,-8.393346
955099,-9.323811,-4.6654983,-7.594607
955109,-9.168135,-5.1373167,-7.545509
955118,-8.085586,-5.8175025,-8.079598
955128,-7.515571,-6.295309,-8.868757
955138,-7.1431456,-6.7060547,-7.465276
955148,-6.667734,-7.450906,-6.375542
955158,-6.4797254,-8.510702,-6.7108445
955168,-6.2414207,-8.8460045,-6.7599425
955181,-6.197113,-9.638756,-6.7803
955191,-6.11688,-9.442365,-6.283334
955201,-6.421047,-7.3539076,-7.2006264
955211,-6.2593837,-3.4548156,-8.867559
955221,-6.3108764,-3.1614258,-8.63165
955231,-5.7468495,-6.1743603,-3.923042
955241,-3.0129347,-15.134129,6.9132237
955251,-2.6728418,-11.312875,0.016765136
955260,-4.9529004,-4.622388,-7.0389624
955270,-7.5670643,0.22872436,-7.9790077
955280,-8.60291,-4.4978466,-4.4343786
955290,-5.5169277,-6.956334,2.2728736
955300,-3.9026842,-10.617122,1.3232483
955310,-3.7565882,-13.418097,6.490503
955320,-2.7518775,-13.972544,13.191768
955330,-5.163662,-10.04112,7.3706727
955339,-10.024354,-5.997129,-5.294191
955349,-6.229446,1.3591735,-4.2595425
955359,-8.683144,-2.034569,5.1049843
955369,-5.372029,-3.566184,2.450105
955379,-4.2930727,-2.562671,-3.7853284
955389,-3.6320472,-1.7974621,-4.812792
955399,-5.7205043,-4.045188,-2.8345056
955409,-7.33834,-8.329878,-1.1316468
955418,-7.521559,-9.087902,0.51013917
955428,-7.923922,-7.61257,0.0059875487
955438,-7.369475,-6.8509536,0.39757323
955448,-8.067623,-6.221063,1.6932788
955458,-7.7466908,-7.516769,0.032332763
955468,-6.4246397,-9.84832,-0.6502478
955478,-5.139712,-8.04487,-1.4693445
955488,-4.54934,-6.854546,-3.317102
955497,-4.287085,-9.847123,-6.0486217
955507,-3.002157,-9.576486,-7.582632
955517,-3.5134935,-10.299782,-11.297307
955527,-2.9937744,-10.79555,-12.232562
955537,-3.7601807,-12.031381,-12.614568
955547,-4.2296047,-13.036091,-11.576327
955557,-3.8440063,-13.0875845,-10.057884
955567,-2.8045678,-12.116404,-9.17532
955576,-1.7579443,-10.190808,-8.5154915
955586,-1.6884887,-8.007748,-8.274793
955596,-1.9651135,-8.134684,-7.2712793
955606,-2.703977,-8.986114,-3.864364
955616,-2.8321106,-8.396938,-3.1734009
955629,-2.699187,-5.943241,-4.8714695
955639,-3.6643798,-3.239264,-8.90109
955649,-4.8750625,-2.2046156,-9.546548
955659,-4.9792457,-4.319418,-7.99697
955669,-3.4476306,-6.7755103,-6.2869263
955679,-3.1326857,-7.6868153,-6.100115
955689,-3.3530273,-6.325247,-6.6821046
955698,-4.319418,-5.9288707,-7.2796617
955708,-4.9576902,-5.836663,-7.1263804
955718,-5.629493,-5.762417,-5.503755
955728,-6.051017,-5.3241286,-3.1135254
955738,-7.6856174,-4.2415795,0.13412109
955748,-9.293873,-3.1985486,-0.54726195
955758,-7.8939843,-2.6345215,-4.4427614
955768,-5.767207,-1.9232007,-6.986272
955777,-5.4247193,-3.1350806,-7.555089
955787,-5.21276,-5.6486535,-5.071454
955797,-5.9683886,-7.9814024,-3.9649549
955807,-6.7359924,-9.188493,-4.2020617
955817,-7.1263804,-10.011182,-4.778064
955827,-7.883207,-9.062754,-3.661985
955837,-8.217312,-7.2066135,-4.206852
955847,-7.5766444,-6.12646,-6.119275
955856,-6.709647,-5.999524,-7.692803
955866,-6.2941113,-6.342012,-8.759784
955876,-6.3300366,-7.0557275,-8.422086
955886,-6.7216225,-6.8820887,-7.0581226
955896,-6.605464,-6.9048414,-7.012617
955906,-5.739664,-6.6473765,-6.192323
955916,-4.636758,-4.9780483,-6.300099
955926,-4.064348,-2.3734643,-7.244934
955935,-4.7792616,-1.6777111,-6.685697
955945,-4.8379393,-3.786526,-6.5108604
955955,-5.1133666,-6.7994604,-5.926476
955965,-6.7144375,-7.701185,-3.5673816
955975,-6.5455885,-8.970546,-4.54934
955985,-5.742059,-7.557484,-4.3278003
955995,-5.78996,-6.4940953,-4.9552956
956005,-5.23671,-6.6485744,-5.6714063
956014,-4.988826,-6.547983,-5.500162
956024,-4.89063,-7.547904,-5.5456676
956034,-4.8259645,-8.498727,-4.836742
956044,-4.4595265,-9.036408,-3.97693
956054,-3.8152661,-9.254355,-4.3289976
956064,-2.7997777,-7.4197707,-4.242777
956074,-1.658551,-6.0198817,-5.019961
956084,0.05867798,-6.321654,-3.8954992
956093,1.5627502,-6.0833497,-2.7482848
956103,1.7974621,-4.7936316,-5.388794
956113,1.3879138,-2.8488758,-8.150251
956123,-0.38080812,-3.309917,-8.710686
956133,-5.029541,-10.777588,-6.795868
956143,-9.6830635,-15.86461,-2.9015663
956153,-15.403568,-17.57106,-0.6095325
956163,-17.586628,-17.641714,-1.346001
956172,-14.877861,-17.719551,-0.05748047
956182,-9.320218,-16.355589,2.1603076
956192,-5.0894165,-12.979809,2.4908204
956202,-2.2477257,-8.424481,-1.7747095
956212,1.6789087,-2.7135572,-6.695277
956222,5.9228835,1.23104,-5.7779846
956232,7.0880604,4.125421,-2.2141955
956242,4.714596,4.4595265,-0.0035925293
956251,0.49696654,-0.1963916,2.2884412
956261,-3.417693,-4.956493,2.4129822
956271,-5.7564297,-8.177794,1.6106507
956281,-6.6246243,-8.8951025,-3.6045043
956291,-8.768167,-10.544073,-6.3539867
956301,-10.587184,-17.4561,-4.061953
956311,-10.823093,-19.627186,2.0010388
956321,-11.35359,-15.043118,2.8560607
956330,-8.952583,-9.131012,-1.2166699
956340,-6.109695,-7.181466,-2.9494665
956350,-4.4990444,-8.725056,-1.7603394
956360,-4.0415955,-10.292597,0.022752685
956370,-3.8703516,-10.306967,0.19160156
956380,-3.9086719,-9.433982,-0.37242553
956390,-4.079916,-9.034014,-0.54606444
956400,-4.435576,-9.055569,-0.6095325
956409,-4.5062294,-9.287886,-0.57480466
956419,-4.350553,-9.562116,-0.49457154
956429,-4.1924815,-9.621991,-0.2945874
956439,-4.190087,-9.642348,-0.44667113
956449,-4.269122,-9.541758,-0.28620484
956459,-4.3589354,-9.459129,-0.35326537
956469,-4.3697133,-9.402846,-0.4394861
956479,-4.223617,-9.284293,-0.27183473
956488,-4.1290135,-9.065149,-0.33530274
956498,-3.8799317,-8.977731,-0.0011975098
956508,-3.610492,-8.856782,0.2945874
956518,-3.354225,-8.883127,0.69455564
956535,-3.1434631,-8.738229,0.9508228
956545,-2.933899,-8.765772,1.0609937
956555,-2.75547,-8.992101,1.3962964
956565,-2.6848168,-9.148974,1.4920971
956574,-2.76505,-8.976533,1.5627502
956584,-2.6141639,-8.879535,1.6561561
956594,-2.6680517,-8.822055,1.714834
956604,-2.818938,-8.8388195,1.729204
956614,-3.046465,-8.844807,1.961521
956624,-3.2524366,-8.816067,2.0896544
956634,-3.5697765,-8.928633,2.3998096
956644,-3.7829332,-8.808882,2.4369323
956653,-3.9086719,-8.849597,2.4045997
956663,-4.142186,-8.943003,2.4860303
956673,-4.190087,-8.946595,2.5854235
956683,-4.3134303,-8.984916,2.494413
956693,-4.176914,-8.945398,2.3686743
956703,-4.197272,-8.82445,2.2656884
956713,-4.190087,-8.82924,2.1363573
956723,-4.2080493,-8.715476,2.1926403
956732,-4.3685155,-8.692723,2.1674926
956742,-4.404441,-8.914263,2.3782544
956752,-4.421206,-8.904682,2.4920177
956762,-4.2858872,-8.957373,2.692002
956772,-4.2727146,-8.903485,2.7494824
956782,-4.2272096,-8.619676,2.757865
956792,-4.2810974,-8.317903,2.7686427
956802,-4.1864944,-8.211325,2.687212
956811,-4.022435,-8.116721,2.6141639
956821,-3.8116736,-8.327483,2.7267296
956831,-3.6080968,-8.762179,3.070415
956841,-3.5793567,-9.1765175,3.5578015
956851,-3.6212695,-9.2184305,3.735033
956861,-3.6991076,-9.011261,3.7553906
956871,-3.8332288,-8.60291,3.8907092
956881,-3.8368213,-8.241262,3.9218445
956890,-3.911067,-8.111931,3.9721398
956900,-4.040398,-7.933502,3.974535
956910,-4.140989,-7.835306,4.1661363
956920,-4.133804,-7.8101587,4.3768983
956930,-4.169729,-8.017328,4.655918
956940,-4.2583447,-8.287965,4.827162
956950,-4.2882824,-8.498727,5.1385145
956960,-4.2152343,-8.568182,5.2977834
956969,-4.157754,-8.580157,5.6726036
956979,-4.240382,-8.240065,5.9468336
956989,-4.1517663,-7.902367,6.0570045
956999,-4.1757164,-7.5514965,6.0546093
957009,-4.252357,-7.1527257,6.14083
957019,-4.1924815,-6.73719,6.13125
957029,-4.140989,-6.5204406,6.46775
957039,-4.174519,-6.2078905,6.773115
957048,-4.1864944,-5.8905506,6.986272
957058,-4.1302114,-5.3456836,7.0174074
957068,-4.216432,-4.89542,6.947952
957078,-4.216432,-4.436774,6.9383717
957088,-4.1517663,-4.132606,7.060518
957098,-4.111051,-3.8715491,7.1371584
957108,-3.9362147,-3.7697608,7.1527257
957117,-3.9901025,-3.622467,7.2461314
957127,-3.885919,-3.5973194,7.35271
957137,-3.9565723,-3.598517,7.5754466
957147,-4.1864944,-3.622467,7.8077636
957157,-3.9589672,-3.8679566,7.9502673
957167,-3.9685473,-4.0679407,8.214917
957177,-4.076323,-4.1002736,8.389753
957187,-4.157754,-3.8452039,8.478369
957196,-4.188889,-3.5973194,8.355025
957206,-4.2415795,-3.270399,8.310718
957216,-4.29906,-2.894381,8.29036
957226,-4.221222,-2.5004003,8.310718
957236,-4.4032435,-2.4345374,8.273595
957246,-4.5277843,-2.3710694,8.103549
957256,-4.5780797,-2.330354,8.205337
957266,-4.663103,-2.3099964,8.153844
957275,-4.6343627,-2.15432,8.143066
957285,-4.517007,-1.9088305,8.175399
957295,-4.557722,-1.5819104,8.310718
957305,-4.4008484,-1.5064673,8.246052
957315,-4.118236,-1.3998889,8.199349
957325,-3.8847218,-1.2681628,8.147857
957335,-3.542234,-1.2370276,8.089178
957345,-3.4117053,-1.0250684,8.155042
957354,-3.305127,-0.91849,8.144264
957364,-3.1243029,-0.8430469,8.443642
957374,-3.0895753,-0.8490344,8.619676
957384,-3.1063404,-0.86220706,8.678353
957394,-3.0811927,-0.77957886,8.817265
957404,-3.0500574,-0.72928345,8.804091
957414,-3.0308971,-0.68377805,8.84361
957423,-3.1434631,-0.53169435,8.735834
957433,-3.3470397,-0.37841308,8.5574045
957443,-3.4236803,-0.11615845,8.629255
957453,-3.5961218,-0.06346802,8.4520235
957463,-3.6092944,0.082628176,8.338261
957473,-3.5865417,-0.0490979,8.29994
957483,-3.5805542,-0.1592688,8.289163
957493,-3.5434313,-0.16765137,8.402926
957502,-3.6236646,-0.14489868,8.544232
957512,-3.5122962,-0.11735596,8.590935
957522,-3.5685792,-0.20118164,8.55501
957532,-3.558999,-0.16884887,8.699908
957542,-3.5039136,-0.061072998,8.57417
957552,-3.542234,0.14010864,8.616083
957562,-3.5003211,0.3436853,8.565787
957572,-3.5769618,0.5484595,8.479567
957581,-3.6368372,0.6933582,8.539442
957591,-3.676355,0.66701293,8.539442
957601,-3.7338355,0.5831873,8.592133
957611,-3.754193,0.5987549,8.522677
957621,-3.7805383,0.52450925,8.544232
957631,-3.7517982,0.6262976,8.703501
957641,-3.7003052,0.5999524,8.7825365
957651,-3.735033,0.5831873,8.754993
957660,-3.6955152,0.5221143,8.804091
957670,-3.7793407,0.48738647,8.652008
957680,-3.6308496,0.49696654,8.666378
957690,-3.502716,0.554447,8.63644
957700,-3.5817518,0.69575316,8.572972
957710,-3.4895434,0.8190967,8.562195
957720,-3.4835558,0.7807764,8.459209
957729,-3.422483,0.7735913,8.358618
957739,-3.485951,0.79993653,8.371791
957749,-3.429668,0.8262817,8.498727
957759,-3.578159,0.87777466,8.475974
957769,-3.37578,0.87298465,8.522677
957779,-3.478766,0.8430469,8.429272
957789,-3.4703834,0.8693921,8.491542
957799,-3.5122962,0.9903406,8.485554
957808,-3.3889527,0.9592053,8.484357
957818,-3.5649865,0.9963281,8.327483
957828,-3.3973353,1.0550061,8.417296
957838,-3.4871485,1.047821,8.358618
957848,-3.5122962,0.94363767,8.529862
957858,-3.3638048,0.9196875,8.654403
957868,-3.5206788,0.96399534,8.732242
957878,-3.4608033,1.0609937,8.758587
957887,-3.3877552,1.2490027,8.695118
957897,-3.3254845,1.3280383,8.543035
957907,-3.2847693,1.3112732,8.570578
957917,-5.388794,6.0893373,15.27304
957927,-1.6310083,0.61552,6.41985
957937,-1.6980689,1.0645862,9.709409
957947,-1.9363732,-0.83945435,10.789563
957956,-3.333867,-0.74125856,10.917697
957966,-7.1994286,-1.5100598,9.503437
957976,-4.1733217,0.7688013,9.697434
957986,-3.070415,1.3232483,8.606503
957996,-2.7303224,1.7842896,8.217312
958006,-2.7806177,2.1064196,7.884404
958016,-3.0919702,2.14474,7.9299097
958026,-3.321892,1.9435583,8.103549
958035,-3.1745985,1.5902929,8.652008
958045,-3.1123278,1.2525952,8.938213
958055,-2.9770093,0.9520203,9.278306
