834146,-4.6475353,-1.6046631,8.05924
834155,-4.6643004,-1.4250367,7.8257265
834259,-4.8379393,-1.5867004,8.002957
834264,-4.836742,-1.6022681,7.96344
834274,-4.9505053,-1.6226257,8.070019
834283,-5.0235534,-1.7184265,8.034093
834293,-4.932543,-1.8034497,8.047266
834303,-4.942123,-1.8776953,8.053253
834313,-5.0558863,-1.7878821,8.092771
834323,-4.997208,-1.7232165,8.089178
834333,-4.9720607,-1.6884887,8.002957
834343,-4.968468,-1.6010705,7.868837
834352,-4.946913,-1.585503,7.8736267
834362,-4.902605,-1.6298108,7.946675
834372,-4.9205675,-1.5376025,7.862849
834382,-4.9529004,-1.5088623,8.018525
834392,-4.7672863,-1.5196398,7.946675
834402,-4.7888417,-1.2442126,7.765851
834412,-4.90979,-1.0442286,7.635322
834422,-4.8547044,-0.979563,7.435338
834431,-4.8379393,-1.2034973,7.6221495
834441,-4.907395,-1.2418176,7.7059755
834451,-4.931345,-0.8813672,7.6664577
834461,-5.039121,-0.368833,7.2640944
834471,-4.990023,-0.15447876,6.8186207
834481,-5.095404,-0.2562671,6.444998
834491,-5.0163684,-0.5903723,6.2713585
834501,-5.0475035,-1.1412268,6.3982944
834510,-4.9852333,-1.6310083,6.1228676
834520,-4.8822474,-2.0752845,6.0330544
834530,-4.843927,-2.3710694,5.7995396
834540,-4.855902,-2.990182,5.556445
834550,-4.733756,-3.969745,5.476212
834560,-4.7612987,-4.888235,5.6821837
834570,-4.7469287,-5.4510646,5.78996
834579,-4.8103967,-5.5636306,5.6905665
834589,-4.836742,-5.54926,5.332511
834599,-5.037924,-5.623506,5.1373167
834609,-5.1995873,-5.8809705,4.925358
834619,-5.4163365,-6.4713426,5.0355287
834629,-5.692961,-6.9096313,5.0678616
834639,-5.910908,-7.232959,4.8415318
834649,-6.0426345,-7.4401283,4.677473
834658,-6.079757,-8.497529,4.4906616
834668,-6.204298,-9.608818,4.8080015
834678,-6.3288393,-10.401569,5.5384827
834688,-6.4258375,-10.279424,5.7935524
834698,-6.2989016,-9.606423,5.4462743
834708,-5.964796,-8.596923,5.0175657
834718,-5.4821997,-7.489226,4.622388
834727,-5.4798045,-6.229446,3.9948926
834737,-5.5708156,-5.4271145,3.3518298
834747,-5.5121374,-5.1361194,3.0153296
834757,-5.4977674,-5.3480787,2.9614418
834767,-5.4881873,-5.8390574,2.7638526
834777,-5.50615,-6.229446,2.7351122
834787,-5.562433,-6.7599425,2.8548632
834797,-5.812712,-7.1263804,2.682422
834806,-5.773195,-7.547904,2.7937903
834816,-5.7444544,-7.955057,2.5950036
834826,-5.676196,-8.028106,2.3830445
834836,-5.710924,-8.01613,1.8477576
834846,-5.7145166,-7.9646373,1.353186
834856,-5.618716,-8.032895,0.68497556
834866,-5.611531,-8.408914,0.2706372
834875,-5.6318884,-9.192085,0.54606444
834885,-5.8414526,-9.820778,0.78915894
834895,-5.863008,-10.056687,0.65623534
834905,-5.654641,-9.839938,0.061072998
834915,-5.4953723,-9.44955,-1.0202783
834925,-5.266648,-9.079519,-1.9818786
834935,-5.0918117,-9.047186,-2.4860303
834945,-5.0966015,-9.726174,-2.8680358
834954,-4.9157777,-11.099718,-2.4920177
834964,-4.8966174,-12.177477,-1.7327967
834974,-4.883445,-12.388239,-1.5124549
834984,-4.7373486,-12.273277,-1.6705261
834994,-4.2260118,-12.017011,-1.9543359
835004,-3.3314722,-11.952345,-2.0764818
835014,-2.2285657,-11.667337,-2.1806653
835024,-1.284928,-11.3643675,-2.4932153
835033,-0.82747924,-11.01709,-2.8967762
835043,-0.39637575,-11.0602,-3.7134778
835053,-0.17962646,-11.092533,-4.3026524
835063,-0.08981323,-11.352392,-5.140909
835073,0.0047900393,-11.831396,-5.9755735
835083,-0.17244141,-11.814631,-6.4186525
835093,-0.43589357,-11.478131,-6.998247
835102,-0.82867676,-10.773995,-7.2569094
835112,-1.472937,-10.10339,-7.606582
835122,-1.8920654,-9.390872,-8.315508
835132,-2.3555017,-8.753797,-8.850795
835142,-3.0404773,-8.134684,-9.55014
835152,-3.3638048,-7.65089,-9.835148
835162,-3.744613,-7.436536,-10.032737
835172,-3.69791,-6.910829,-9.656719
835181,-3.9601648,-6.5228357,-8.8963
835191,-4.091891,-5.9540186,-7.9921803
835201,-4.148174,-5.2678456,-6.4426026
835211,-4.042793,-4.9864306,-5.116959
835221,-3.453618,-4.519402,-4.6247826
835231,-3.214116,-4.099076,-5.3289185
835241,-3.5817518,-3.7973034,-6.404282
835251,-4.2858872,-3.9709425,-7.3922276
835260,-4.939728,-4.311035,-7.5754466
835270,-5.3947816,-4.9277525,-7.0712953
835288,-5.7217016,-5.430707,-6.2641735
835298,-6.1516075,-5.6821837,-5.640271
835308,-6.533613,-5.3708315,-5.2977834
835318,-7.0581226,-5.1061816,-5.0918117
835328,-7.1611085,-4.905,-5.1109715
835338,-6.8749037,-4.764891,-5.612728
835348,-6.422245,-4.7277684,-6.094127
835358,-5.894143,-4.834347,-6.452183
835367,-5.7588243,-4.907395,-6.1516075
835377,-5.936056,-5.1552796,-5.6330857
835387,-6.436615,-5.1995873,-5.0103807
835397,-6.356382,-5.2426977,-4.7912364
835407,-6.2174706,-5.1049843,-4.8355446
835417,-6.1552,-5.060676,-5.029541
835427,-5.909711,-5.247488,-5.1361194
835437,-5.6103334,-5.292993,-5.173242
835446,-5.676196,-5.276228,-5.290598
835456,-5.710924,-5.357659,-5.261858
835466,-5.8510327,-5.4893847,-4.9864306
835476,-5.974376,-5.4582496,-4.7696815
835486,-5.948031,-5.2977834,-4.799619
835496,-5.9612036,-5.266648,-5.061874
835506,-5.8294773,-5.3361034,-5.163662
835515,-5.718109,-5.445077,-5.2307224
835525,-5.623506,-5.5875807,-5.436694
835535,-5.740862,-5.82828,-5.78996
835545,-5.9288707,-6.029462,-5.805527
835555,-6.177953,-6.053412,-5.7875648
835565,-6.546786,-5.960006,-5.748047
835575,-6.9527416,-5.7767873,-5.846243
835585,-7.345525,-5.4965696,-5.867798
835594,-7.418573,-5.3073635,-6.314469
835604,-7.4269557,-5.2750306,-6.974297
835614,-7.389833,-5.47741,-7.1275783
835624,-6.947952,-5.706134,-6.7479677
835634,-6.5791187,-5.684579,-6.5743284
835644,-6.3683567,-5.703739,-6.695277
835654,-6.037844,-5.574408,-7.0904555
835664,-5.82828,-5.4510646,-7.462881
835673,-5.567223,-5.6510487,-7.4461155
835683,-5.163662,-5.9959316,-7.213799
835693,-4.525389,-6.331234,-6.8258057
835703,-3.676355,-6.598279,-6.2965064
835713,-2.4884253,-6.4162574,-6.1839404
835723,-1.6202307,-6.108497,-6.2725563
835733,-0.98195803,-5.9025254,-6.349197
835742,-0.55803955,-6.0474243,-6.7970653
835752,-0.66821045,-6.460565,-7.091653
835762,-0.7484436,-6.9036436,-7.5347314
835772,-0.7484436,-7.232959,-8.061636
835782,-0.54366946,-7.613767,-8.298742
835792,0.19160156,-8.128696,-8.441246
835802,0.8586145,-8.796906,-8.390951
835812,1.0202783,-8.916657,-8.374186
835821,1.0106982,-8.728649,-8.685538
835831,1.0298584,-8.981323,-8.883127
835841,1.0729687,-9.46871,-8.976533
835851,1.1508069,-9.684261,-8.868757
835861,1.1005114,-9.860295,-8.402926
835871,1.0466236,-10.110575,-7.8664417
835881,0.9244775,-10.09381,-7.0892577
835891,0.9172925,-9.981244,-6.771918
835900,0.7268884,-10.2458935,-6.349197
835910,0.5760022,-10.265054,-5.606741
835920,0.7532337,-10.165661,-4.773274
835930,1.0442286,-10.114167,-4.2248144
835940,1.1831397,-9.996812,-3.9242394
835950,1.1352392,-9.759705,-3.8475988
835960,0.7089258,-9.681867,-3.9146595
835970,0.57959473,-9.77168,-3.5673816
835979,0.5005591,-9.986034,-3.297942
835989,0.20836669,-10.154882,-2.8404932
835999,0.122145995,-10.278226,-2.3387365
836009,0.025147704,-10.335707,-1.8262024
836019,-0.123343505,-10.332114,-1.729204
836029,-0.22992188,-10.130933,-1.4382092
836039,-0.4658313,-9.669891,-1.7375866
836048,-0.71730834,-9.325008,-1.9818786
836058,-0.86220706,-8.91067,-2.3626869
836068,-1.0226734,-8.709489,-2.7327173
836078,-1.047821,-8.775352,-3.0153296
836088,-1.2370276,-8.964558,-2.858456
836098,-1.470542,-9.198072,-2.753075
836108,-1.5136523,-9.217233,-2.6560767
836118,-1.783092,-9.012459,-2.7135572
836127,-2.0549269,-8.652008,-3.2057335
836137,-2.3028114,-8.546627,-3.5697765
836147,-2.403402,-8.687933,-3.932622
836157,-2.4764502,-8.964558,-4.3613305
836167,-2.6177564,-9.09868,-4.62119
836177,-2.6776319,-9.890233,-4.3697133
836187,-2.6021888,-10.649454,-4.045188
836196,-2.403402,-10.322535,-4.2930727
836206,-2.2237756,-9.4507475,-4.6666956
836216,-1.653761,-7.9670324,-3.7086878
836226,-2.2213807,-5.8318725,6.0833497
836236,-2.511178,-8.389753,7.4544983
836246,-4.247567,-8.580157,9.037606
836256,-4.118236,-7.0748878,5.957611
836266,-2.8788135,-7.818541,-0.17363891
836275,-3.2165112,-9.125025,-1.7160316
836285,-4.3936634,-8.250842,-0.88735473
836295,-3.558999,-8.086783,-0.9831555
836305,-2.3099964,-8.511899,0.52450925
836315,-1.7447717,-8.152646,0.81550413
836325,-1.3268409,-6.8808913,-2.9865894
836335,-0.84424436,-8.272397,-10.635084
836344,-2.186653,-10.154882,-7.6616673
836354,-5.2989807,-11.515254,-11.035052
836364,-7.8712316,-11.809841,-11.5260315
836374,-11.032658,-12.464879,-14.319821
836384,-11.812237,-11.698473,-13.081596
836394,-9.016051,-9.46392,-8.178991
836404,-2.9195287,-9.266331,-11.98348
836414,-3.3326697,-8.110734,-9.939331
836423,-4.91458,-8.980125,-5.254673
836433,-5.2187476,-9.384884,-3.857179
836443,-4.1613464,-7.9131446,-3.925437
836453,-3.6943176,-5.1600695,-6.0150914
836463,-3.1111305,-6.091732,-3.1075377
836473,-0.86579955,-8.00655,-0.17244141
836483,0.8143066,-6.10251,4.590055
836503,-1.6058606,-3.551814,5.8713903
836513,-1.6813037,-3.3422499,8.028106
836522,0.08861572,-8.960965,3.0392797
836532,-1.7950672,-11.8074465,0.7256909
836542,-5.2067723,-8.595725,2.1974304
836552,-4.750521,-6.2234583,1.7363892
836562,-0.13052857,-8.076006,-0.8250842
836572,0.21315674,-7.6101747,1.6693286
836582,-0.17603393,-6.492898,0.123343505
836591,-0.8071216,-5.381609,-6.871311
836601,-0.5161267,-8.592133,-14.515016
836611,-1.6729212,-13.645624,-11.488909
836621,-7.95865,-14.317427,-11.868519
836631,-13.638439,-12.55589,-15.008389
836641,-16.634607,-10.626701,-13.630056
836651,-9.813593,-8.479567,-10.800341
836660,-2.2189856,-6.058202,-8.759784
836670,-1.0023156,-8.327483,-9.896221
836680,-5.3552637,-8.903485,-5.867798
836690,-6.610254,-9.969269,-5.1145644
836700,-7.6736426,-8.88672,-6.5839086
836710,-6.079757,-7.4341407,-8.369396
836720,-4.2260118,-5.295388,-7.1826634
836730,-2.8931837,-6.864126,-1.0083032
836739,-1.0873389,-6.6114516,4.035608
836749,-0.07783814,-4.509822,6.2234583
836759,-0.6753955,-1.848955,6.0498195
836769,0.0742456,-5.494175,2.1183949
836779,-0.44906616,-9.53098,1.5699353
836789,-4.6523256,-9.544153,2.1567152
836799,-6.09293,-7.1682935,1.1160791
836809,-4.8978148,-6.6557593,-2.5279431
836818,-1.5352075,-7.8472815,-2.9159362
836828,-1.2645704,-7.2413416,-4.0272255
836838,-0.96399534,-6.617439,-8.338261
836848,-2.5734484,-7.1611085,-13.226496
836858,-5.4115467,-9.617201,-13.48875
836868,-8.119116,-13.626464,-9.532178
836878,-14.618002,-12.379856,-6.876101
836888,-19.507435,-9.496252,-9.301059
836897,-13.692327,-5.6630235,-9.9644785
836907,-4.966073,-5.245093,-9.595646
836917,-3.2787817,-7.301217,-9.183702
836927,-6.8880763,-9.562116,-8.013736
836937,-7.5179663,-9.72378,-8.226892
836947,-7.6688523,-7.4197707,-7.418573
836957,-5.157675,-6.786288,-5.8294773
836966,-2.8333082,-7.003037,0.3329077
836976,-2.2848487,-3.2835717,3.7122803
836986,-1.0106982,-1.3124707,4.2930727
836996,0.07664063,-2.0824695,4.951703
837006,1.1316468,-5.459447,2.3064039
837016,-1.0861413,-7.0581226,0.3329077
837026,-3.253634,-8.129894,-0.70174074
837040,-4.6164002,-6.6581545,-1.1124866
837050,-3.2524366,-7.94907,-3.9721398
837060,-1.1280541,-9.903406,-6.2593837
837070,-2.0932472,-9.855505,-6.255791
837080,-4.5205994,-8.774154,-7.9059596
837089,-6.10251,-8.184979,-9.529782
837099,-7.4006104,-8.357421,-9.473499
837109,-8.374186,-8.159832,-8.323891
837119,-7.7466908,-7.019802,-7.620952
837129,-6.2617784,-5.797145,-7.6784325
837139,-5.4582496,-5.3995714,-7.691605
837149,-5.606741,-5.4810023,-8.176597
837158,-5.724097,-6.3599744,-9.285491
837168,-5.8833656,-6.5156507,-7.5251513
837178,-4.8750625,-6.450985,-7.93949
837188,-4.120631,-5.466632,-7.515571
837198,-3.7877233,-4.9648757,-6.255791
837208,-3.458408,-4.940925,-4.5325747
837218,-3.3997302,-5.884563,-3.0668225
837228,-3.5865417,-7.3024144,-1.5256275
837237,-4.093088,-8.641231,-0.76640624
837247,-4.88584,-8.196955,-1.3100756
837257,-5.007986,-7.644902,-2.6836195
837267,-4.6319675,-8.370593,-4.1385937
837277,-5.166057,-9.77647,-4.724176
837287,-5.5384827,-9.265133,-4.30385
837297,-6.541996,-8.454419,-5.3696337
837307,-6.5743284,-7.7526784,-7.479646
837316,-6.0833497,-7.4712634,-8.122708
837326,-6.1935205,-7.9574523,-7.3706727
837336,-6.2569885,-9.171727,-7.0629125
837346,-6.878496,-9.750125,-6.4665527
837356,-7.401808,-9.774075,-6.1073
837366,-7.7059755,-9.43518,-6.650969
837376,-7.4197707,-9.034014,-7.4413257
837385,-6.5036755,-9.075927,-7.408993
837395,-5.5097423,-9.843531,-6.2809386
837405,-5.1037865,-10.632689,-4.9433203
837415,-4.7936316,-10.480605,-3.38536
837425,-4.7720766,-10.04591,-1.0705737
837435,-5.2247353,-9.960886,-1.6022681
837445,-5.447472,-6.7312026,-2.381847
837455,-5.9839563,-3.7553906,-1.7543519
837464,-6.4988856,-4.2595425,-0.8454419
837474,-6.4030848,-2.8967762,-0.29219237
837484,-6.189928,-1.0382409,-0.97716796
837494,-4.6571155,-1.3292358,-0.3293152
837504,-4.695436,-3.869154,3.7781434
837514,-5.051096,-5.8198977,7.9790077
837524,-7.282057,-6.9431615,10.496173
837534,-8.9022875,-6.516848,10.21835
837543,-8.752599,-6.163583,9.480685
837553,-8.586145,-5.4247193,8.907078
837563,-7.573052,-4.7792616,4.3924656
837573,-6.2593837,-3.317102,1.8980529
837583,-5.2355127,-3.4452355,3.9829175
837593,-4.437971,-4.6355605,0.554447
837603,-3.9038818,-6.4749355,1.9866687
837612,-4.653523,-7.933502,1.8609302
837622,-6.581514,-7.4880285,5.8246875
837632,-8.673563,-3.984115,6.436615
837642,-8.637638,-1.1747571,4.91937
837652,-6.283334,-1.0514135,3.7757483
837662,-4.867877,-0.17962646,3.744613
837672,-5.1624646,0.28500733,0.5292993
837682,-6.212681,-1.9782861,-1.7028589
837691,-6.918014,-4.4020457,-0.6777905
837701,-8.244855,-7.555089,-0.19758911
837711,-9.083112,-9.138197,1.0238708
837721,-9.661509,-9.041199,-0.23950195
837731,-9.047186,-8.698711,-4.1445813
837741,-8.196955,-9.068742,-8.220904
837751,-7.444918,-11.520044,-10.957214
837760,-6.4713426,-15.408359,-13.0947695
837770,-5.9025254,-16.568745,-8.57417
837780,-6.460565,-10.599159,-3.197351
837790,-7.891589,1.0274634,-4.2930727
837800,-8.038883,5.283413,-7.6053843
837810,-5.771997,-3.9278321,-7.7359133
837820,-4.3840833,-11.682905,-0.6777905
837830,-5.52531,-12.927118,0.038320314
837839,-6.302494,-9.2818985,-5.7384667
837849,-7.228169,-11.437416,-8.913065
837859,-7.4664736,-13.795313,-0.42751098
837869,-6.668932,-10.826686,-2.227368
837879,-4.3960586,-12.030183,-3.7506006
837889,-4.660708,-11.65656,-4.054768
837899,-4.8451247,-10.181228,-5.0870214
837909,-5.031936,-10.006392,-4.6654983
837918,-5.9121056,-9.976454,-4.2391844
837928,-6.138435,-9.672286,-3.1039453
837938,-6.108497,-8.400531,-2.269281
837948,-6.170768,-7.460486,-3.0835876
837958,-6.1863356,-7.282057,-4.01525
837968,-6.427035,-7.2904396,-4.325405
837978,-6.534811,-7.1682935,-5.4163365
837988,-6.468948,-6.7264123,-6.6330066
837997,-6.1911254,-5.6821837,-7.9921803
838007,-6.16478,-4.7696815,-9.352551
838017,-5.3289185,-1.8848804,-15.725698
838027,-5.6558385,-5.4019666,-10.746452
838037,-4.836742,-8.331076,-3.6021094
838047,-3.7242553,-5.8187,-4.736151
838057,-5.5827904,-1.3831238,-4.7517185
838076,-6.422245,-0.17962646,-4.3768983
838086,-7.628137,-0.3221301,-7.4832387
838096,-7.4245605,-6.4821205,-7.7371106
838106,-4.7469287,-13.686339,-4.5601172
838116,-3.0764027,-11.692486,-4.0583606
838126,-3.7973034,-5.1289344,-4.956493
838136,-4.6475353,-4.287085,-5.7935524
838146,-4.113446,-5.7372694,-4.91458
838155,-4.712201,-4.9720607,-3.974535
838165,-4.91937,-4.150569,-5.442682
838175,-3.9637573,-6.0953245,-6.1288548
838185,-2.8512707,-6.3228517,-5.7863674
838195,-3.549419,-4.9481106,-5.755232
838205,-3.3159046,-4.827162,-6.9287915
838215,-2.8812084,-5.661826,-7.188651
838224,-3.7410204,-6.5922914,-4.7385464
838234,-4.172124,-7.4077954,-4.1314087
838244,-5.81391,-5.938451,-7.03058
838254,-8.541837,-4.9157777,-7.3994126
838264,-6.9946547,-4.6092153,-6.0414367
838274,-9.032816,-4.1074586,-6.370752
838284,-9.092691,-3.7565882,-5.9612036
838294,-7.94907,-5.308561,-5.3133507
838303,-7.594607,-7.322772,-5.003196
838313,-7.7862086,-8.60291,-3.5003211
838323,-7.801776,-9.534573,-2.689607
838333,-6.973099,-9.697434,-3.1913636
838343,-6.382727,-9.390872,-4.418811
838353,-6.312074,-8.435259,-5.173242
838363,-6.643784,-6.9659142,-5.6019506
838373,-6.8090405,-6.2258534,-6.1396327
838382,-6.671327,-5.6510487,-6.0390415
838395,-6.900051,-6.4030848,-5.749244
838405,-6.6377964,-8.138276,-4.485872
838415,-6.3300366,-9.390872,-2.9722192
838425,-6.1372375,-9.660312,-1.7423767
838434,-6.011499,-8.693921,-0.41194335
838444,-5.740862,-7.563472,0.77957886
838454,-6.0761647,-6.680907,0.30177248
838464,-6.6473765,-5.449867,0.22752686
838474,-6.4018874,-4.660708,0.4682263
838484,-7.884404,-3.0129347,3.6512072
838494,-7.580237,-1.8980529,2.0333717
838504,-6.963519,-2.1770728,-0.33171022
838513,-6.773115,-5.652246,0.1353186
838523,-6.284531,-9.484278,3.1578333
838533,-6.1743603,-10.529703,4.2152343
838543,-5.964796,-8.989706,5.3600535
838553,-4.940925,-8.103549,2.5363257
838563,-3.9445972,-8.268805,0.5185217
838573,-4.557722,-5.9300685,0.25985962
838582,-5.3241286,-8.938213,-3.38536
838592,-5.1217494,-13.391751,-2.8608508
838602,-6.890471,-14.697038,-1.5651453
838612,-8.456814,-14.803616,-1.5902929
838622,-8.190967,-12.622951,-1.0645862
838632,-7.345525,-11.3488,-3.319497
838642,-6.5575633,-8.799302,-4.8235693
838652,-6.2737536,-6.5527735,-5.710924
838661,-5.6318884,-6.108497,-3.9924974
838671,-4.1517663,-6.5384035,-2.2141955
838681,-4.5277843,-6.927594,-1.2106824
838691,-4.4738965,-6.046227,0.1580713
838701,-3.2129188,-6.4030848,2.9662316
838711,-3.0249097,-6.124065,7.884404
838721,-2.5650659,-5.7540345,8.592133
838730,-1.3352234,-7.1946387,4.7157936
838740,-2.8369007,-8.268805,3.0237122
838753,-4.981641,-8.6136875,1.465752
838763,-5.8222923,-6.6306114,0.25387207
838773,-4.366121,-8.174202,-0.81191164
838783,-3.4488282,-7.5047936,-2.6848168
838793,-3.0452673,-6.3372216,-4.949308
838803,-4.416416,-8.187374,-6.6246243
838812,-6.2653713,-10.624307,-5.86181
838822,-9.238788,-11.057805,-5.932463
838832,-13.050462,-11.921209,-7.9083543
838842,-15.143708,-9.457932,-8.243657
838852,-12.576247,-5.7995396,-6.9431615
838862,-5.957611,-5.461842,-7.05932
838872,-2.4752526,-6.715635,-6.09293
838882,-4.511019,-7.8544664,-6.1911254
838891,-5.612728,-8.743019,-7.2293663
838901,-6.3036914,-7.6005945,-5.9695864
838911,-4.780459,-7.1754785,-3.8631666
838921,-2.863246,-6.956334,-0.91609496
838931,-1.2633728,-4.877457,3.3386571
838941,-0.31135255,-2.9087512,5.48699
838951,0.62031007,-4.0104604,5.659431
838960,0.88735473,-8.623268,3.7769458
838970,-1.9782861,-10.648257,2.14953
838980,-4.5277843,-8.8879175,-0.061072998
838990,-5.9683886,-4.790039,0.3580554
839000,-3.8116736,-9.183702,-2.518363
839010,-2.8285182,-8.026908,-2.8716285
839020,-4.6271777,-6.941964,-4.7529163
839030,-6.389912,-8.861572,-6.774313
839039,-8.79571,-10.653047,-7.4054003
839049,-12.606185,-12.4337435,-7.516769
839059,-15.929275,-11.8493595,-9.384884
839069,-15.358063,-7.676038,-9.75252
839079,-9.7321615,-4.6475353,-8.310718
839089,-4.6643004,-6.187533,-7.9718227
839099,-3.0835876,-7.828121,-8.240065
839109,-7.101233,-7.876022,-7.6892104
839118,-6.5671434,-6.5671434,-7.9287124
839128,-5.4019666,-5.2750306,-5.854625
839138,-3.8883142,-5.1672544,-3.1530433
839148,-2.342329,-4.7385464,0.77838135
839158,-1.1364368,-3.3877552,4.205654
839168,-0.38679564,-1.8633252,5.494175
839178,0.10178833,-3.5697765,4.6403503
839187,0.013172608,-7.1850586,2.46208
839197,-3.1135254,-8.131091,0.79394895
839207,-5.0822315,-7.1120105,-1.9854712
839217,-5.6486535,-6.421047,-5.0738487
839227,-5.722899,-7.369475,-5.9121056
839237,-4.4583287,-9.49266,-6.9587293
839247,-4.92416,-9.523795,-7.8891945
839257,-7.989785,-7.6029897,-8.346643
839266,-10.559641,-6.41506,-7.9370947
839276,-11.583512,-6.5204406,-8.513097
839286,-10.401569,-7.037765,-8.806487
839296,-8.267608,-6.779103,-8.619676
839306,-6.5288234,-6.051017,-7.6101747
839316,-5.252278,-6.9431615,-6.929989
839326,-3.8895118,-8.503517,-5.980364
839336,-3.6009119,-9.436377,-6.43422
839345,-4.0392003,-10.408755,-5.407954
839355,-4.60203,-11.843371,-4.2978625
839365,-4.331393,-13.105547,-2.550696
839375,-4.149371,-13.345049,-1.1268567
839385,-3.1734009,-12.818145,-0.5065466
839395,-1.890868,-11.381133,-0.4670288
839405,-1.7088464,-9.011261,-2.4189696
839414,-2.4956102,-8.392148,-3.2045362
839424,-3.3889527,-8.36221,-3.1422656
839439,-4.1170387,-7.715555,-2.806963
839448,-3.7961059,-6.516848,-2.4177723
839458,-4.4224033,-5.8510327,-1.7531543
839468,-4.758904,-5.6666164,-0.7316785
839478,-4.7133985,-5.367239,0.27542725
839488,-4.726571,-5.015171,-0.2203418
839498,-4.567302,-5.7636147,-0.39877075
839508,-4.6762757,-6.5623536,-0.0071850587
839518,-4.89542,-7.147936,-0.22872436
839527,-5.20797,-7.947872,-0.025147704
839537,-5.5384827,-8.616083,0.3065625
839547,-5.7360716,-9.193282,0.061072998
839557,-5.9073157,-9.729767,-0.09340576
839567,-6.2893214,-9.286688,-0.09340576
839577,-6.4569726,-9.46871,-0.15687378
839587,-6.570736,-9.891431,0.23471192
839596,-6.358777,-11.223062,1.2633728
839606,-6.229446,-12.054133,2.4369323
839616,-6.307284,-11.896062,2.8057654
839626,-6.661747,-10.2878065,1.4801221
839636,-6.7755103,-7.9119473,-0.27782226
839646,-6.483318,-5.812712,-0.92567503
839656,-6.5276256,-4.693041,-0.5508545
839666,-7.03058,-4.9552956,0.7735913
839675,-7.3934255,-5.2750306,1.5519726
839685,-7.1994286,-6.285729,1.343606
839695,-6.7575474,-6.837781,1.3148657
839705,-6.3108764,-5.9983263,0.9472302
839715,-6.2869263,-6.013894,0.5676196
839725,-6.6401916,-6.211483,2.3782544
839735,-7.6640625,-6.6749196,4.0954833
839744,-8.377778,-7.3443274,5.527705
839754,-8.490344,-7.7790236,5.979166
839764,-8.002957,-7.540719,5.7947497
839774,-7.1072206,-6.650969,5.586383
839784,-6.5994763,-5.591173,5.0175657
839794,-6.321654,-4.6355605,4.4691067
839804,-6.246211,-4.315825,4.3074427
839814,-6.1839404,-4.4259963,4.574487
839823,-5.5684204,-4.7816563,5.386399
839833,-5.7300844,-5.676196,6.7826953
839843,-5.967191,-6.7120423,7.6329274
839853,-5.999524,-7.749086,8.27599
839863,-6.1444225,-7.5299416,8.387359
839873,-6.2258534,-5.771997,7.3586974
839883,-6.09293,-3.2045362,6.404282
839892,-6.100115,-2.1818628,6.4234424
839902,-6.7575474,-2.2022204,7.806566
839912,-6.5132556,-0.5281018,5.9420433
839922,-4.91937,-0.82747924,4.798422
839932,-4.0392003,-1.5878979,3.622467
839942,-4.045188,-4.658313,3.8679566
839952,-6.411467,-6.4258375,6.149213
839962,-9.051976,-6.516848,5.999524
839971,-10.529703,-4.623585,5.210365
839981,-11.163186,-2.9985645,4.574487
839991,-10.688972,-2.9123437,4.3613305
840001,-9.496252,-3.6727624,4.9301476
840011,-7.919132,-4.164939,5.48699
840021,-6.9707046,-4.0978785,5.3528686
840031,-6.377937,-3.8272412,4.946913
840041,-6.1252623,-3.5290613,4.658313
840050,-5.9276733,-3.4524207,4.64514
840060,-5.606741,-3.566184,4.839137
840070,-5.4893847,-3.8392162,5.139712
840080,-5.6342835,-4.5002418,5.269043
840090,-5.7360716,-5.173242,5.5875807
840100,-5.7755895,-5.816305,5.882168
840110,-5.7636147,-5.892946,5.836663
840119,-5.6438637,-6.046227,5.5432725
840129,-5.4678297,-6.12646,5.7372694
840139,-5.245093,-6.285729,6.070177
840149,-5.0966015,-6.4090724,6.524033
840159,-5.125342,-6.490503,6.9036436
840169,-5.22713,-6.42943,7.180269
840179,-5.1696496,-6.358777,7.3586974
840189,-5.0103807,-6.1540027,7.1658983
840206,-4.8942223,-5.884563,6.9503465
840216,-4.567302,-5.346881,6.4426026
840226,-4.4667115,-5.22713,6.0246716
840236,-4.360133,-5.2750306,6.3599744
840246,-4.4595265,-5.5612354,6.6078587
840256,-4.6966333,-5.7468495,6.9946547
840266,-4.7038183,-5.694159,7.2413416
840275,-4.8427296,-5.669011,7.2078114
840285,-4.742139,-5.449867,7.252119
840295,-4.792434,-5.24629,7.191046
840305,-4.7133985,-4.968468,6.9311867
840315,-4.667893,-4.93374,6.883286
840325,-4.580475,-4.7672863,6.9096313
840335,-4.773274,-4.485872,6.7946706
840344,-4.782854,-4.2787023,6.5216384
840354,-4.89063,-4.3517504,6.46775
840364,-4.93374,-4.4200087,6.450985
840374,-4.968468,-4.411626,6.5204406
840384,-4.925358,-4.528982,6.364764
840394,-4.8654823,-4.54934,6.563551
840404,-4.9612827,-4.58766,6.8018556
840414,-4.90021,-4.670288,6.8317933
840423,-4.8990126,-4.566105,6.8677187
840433,-4.7672863,-4.348158,6.940767
840443,-4.8259645,-4.0188427,7.01142
840453,-4.821174,-3.7925134,6.9024463
840463,-4.707411,-3.5578015,6.871311
840473,-4.701423,-3.4691858,6.9443593
840483,-4.750521,-3.4057178,6.9766917
840492,-4.792434,-3.446433,6.993457
840502,-4.792434,-3.4763708,6.981482
840512,-4.806804,-3.6452198,7.036567
840522,-4.6187954,-3.5841467,7.1527257
840532,-4.5529323,-3.5913317,7.32397
840542,-4.5792775,-3.4751732,7.4664736
840552,-4.687053,-3.2093263,7.643705
840562,-4.5852647,-2.7363098,7.780221
840571,-4.4571314,-2.4836352,7.599397
840581,-4.1613464,-2.3507116,7.7526784
840591,-4.0679407,-2.1267774,7.8796144
840601,-4.052373,-2.0142114,8.037685
840611,-4.084706,-1.9327807,8.270002
840621,-3.9481897,-1.8896704,8.426876
840631,-4.0188427,-1.775907,8.406519
840641,-3.866759,-1.7016613,8.060438
840650,-3.5278637,-1.8118323,7.747888
840660,-3.5458264,-1.9339783,7.7131605
840670,-3.615282,-2.029779,7.8233314
840680,-3.6679723,-2.3411317,8.134684
840690,-3.754193,-2.6393116,8.323891
840700,-3.7949085,-2.7231371,8.413704
840710,-3.8116736,-2.6105714,8.6699705
840720,-3.822451,-2.384242,8.495134
840729,-3.6883302,-2.1435425,8.490344
840739,-3.7206628,-2.1411474,8.327483
840749,-3.7362304,-2.0142114,8.345446
840759,-3.5769618,-2.0561242,8.24725
840769,-3.549419,-2.0010388,8.361013
840779,-3.6464171,-2.0549269,8.382568
840789,-3.7625756,-2.2896388,8.408914
840798,-3.8140686,-2.2884412,8.539442
840808,-3.8607714,-2.3662794,8.587342
840818,-3.906277,-2.5399182,8.632848
840828,-3.864364,-2.501598,8.493937
840838,-3.9433997,-2.7399023,8.679551
840848,-4.0835085,-2.7590625,8.822055
840858,-4.348158,-2.826123,9.086704
840868,-4.461921,-2.9147387,9.107061
840877,-4.6690907,-2.889591,9.187295
840887,-4.89542,-2.6860144,9.168135
840897,-4.805607,-2.3159838,8.5574045
840907,-4.518204,-2.205813,8.545429
840917,-4.4595265,-2.0190015,8.484357
840927,-4.374503,-1.7771045,8.475974
840937,-4.3421702,-1.648971,8.632848
840947,-4.2104445,-1.4178516,8.835227
840956,-4.142186,-1.3998889,8.7897215
840966,-3.9146595,-1.2801379,8.986114
840976,-3.8116736,-1.2741504,9.081914
840986,-3.685935,-1.1795471,9.174122
840996,-3.6847374,-1.3340259,9.357342
841006,-3.5063086,-1.4837146,9.2747135
841016,-3.4620008,-1.5435901,9.437574
841026,-3.265609,-1.3627661,9.287886
841035,-3.2117212,-1.2513977,9.156159
841045,-3.119513,-1.0202783,9.198072
841055,-3.0177245,-1.0047107,9.284293
841065,-3.2057335,-0.798739,9.243578
841075,-3.305127,-0.7089258,9.198072
841085,-3.3925452,-0.6119275,9.222023
841095,-3.6595898,-0.4406836,9.230405
841105,-3.7206628,-0.19160156,9.101074
841114,-3.798501,-0.10657837,9.139395
841124,-3.913462,0.0059875487,9.074729
841134,-4.0164475,-0.043110352,8.974138
841144,-4.094286,0.0059875487,8.88193
841154,-4.252357,0.1592688,8.679551
841164,-4.29427,0.35087037,8.764574
841174,-4.2715173,0.61073,8.614885
841183,-4.2439747,0.7592212,8.52627
841193,-4.254752,0.9244775,8.405321
841203,-4.2272096,0.9244775,8.428074
841213,-4.2104445,0.97118044,8.472382
841223,-4.2499623,1.1340418,8.29036
841233,-4.235592,1.223855,8.211325
841243,-4.162544,1.2717553,7.96823
841253,-4.0954833,1.2969031,8.076006
841262,-3.9948926,1.3028907,7.946675
841272,-3.9805224,1.4693445,7.940687
841282,-3.98651,1.4609619,7.877219
841292,-3.98651,1.475332,7.9059596
841302,-3.8535864,1.6298108,7.870034
841312,-3.849994,1.7627344,7.8329115
841322,-3.739823,1.6238233,7.7035804
841331,-3.6559973,1.7220191,7.6712475
841341,-3.6212695,1.6202307,7.7466908
841351,-3.6524048,1.2430152,7.9203296
841361,-3.9457946,1.2034973,8.105944
841371,-4.206852,1.2034973,8.080796
841381,-4.3493557,1.2921131,8.121511
841391,-4.524192,1.353186,7.9993653
841401,-4.6271777,1.4681469,8.134684
841410,-4.8714695,1.5627502,8.087981
841420,-4.940925,1.6250207,8.067623
841430,-5.0666637,1.783092,7.9203296
841440,-5.1121693,1.7016613,7.813751
841450,-4.973258,1.8549427,7.7909985
841460,-4.743336,1.7998571,7.5514965
841470,-4.475094,1.7315991,7.5395217
841479,-4.1948767,1.6741186,7.834109
841489,-4.0188427,1.6884887,7.902367
841499,-3.911067,1.597478,8.035291
841509,-3.8907092,1.5615528,8.167017
841519,-3.923042,1.5651453,8.121511
841529,-3.9901025,1.6010705,8.3191
841539,-3.9541771,1.5687377,8.313113
841549,-4.076323,1.6429834,8.563393
841558,-4.091891,1.7100439,8.485554
841568,-4.0823107,2.0477417,8.465197
841578,-4.2020617,2.13995,8.29994
841588,-4.174519,2.262096,8.322693
841598,-4.2739124,2.4513025,8.240065
841608,-4.398453,2.3878345,8.216114
841618,-4.4319835,2.3267615,8.149054
841627,-4.482279,2.2213807,8.260423
841637,-4.5445495,2.0621119,8.262817
841647,-4.6355605,2.1219873,8.289163
841657,-4.5002418,2.1052222,8.207732
841667,-4.4667115,2.1710851,8.141869
841677,-4.405638,2.1890478,8.249645
841687,-4.445156,2.1674926,8.207732
841697,-4.4427614,2.227368,8.231682
841706,-4.461921,2.2884412,8.152646
841716,-4.463119,2.4165747,8.153844
841726,-4.564907,2.3722668,8.0305
841736,-4.5529323,2.43813,8.102351
841746,-4.5074267,2.4560926,7.988588
841756,-4.6092153,2.4920177,7.919132
841766,-4.533772,2.4141798,8.0305
841776,-4.6427455,2.4093897,8.035291
841785,-4.6164002,2.3674767,8.041278
841795,-4.4834766,2.3327491,7.988588
841805,-4.5852647,2.410587,8.040081
841815,-4.511019,2.5650659,7.867639
841825,-4.540957,2.6021888,7.8149486
841835,-4.581672,2.5638685,7.7359133
841845,-4.4738965,2.7147546,7.7430983
841854,-4.348158,2.6608667,7.628137
841864,-4.366121,2.7087672,7.619755
841874,-4.4343786,2.7446923,7.63652
841884,-4.3757005,2.7375073,7.676038
841894,-4.3757005,2.76984,7.6856174
841904,-4.418811,2.7913952,7.6616673
841914,-4.4319835,2.711162,7.65089
841924,-4.446354,2.753075,7.6413097
841933,-4.388873,2.7159522,7.494016
841943,-4.414021,2.7123597,7.540719
841953,-4.355343,2.7782226,7.6413097
841963,-4.263135,2.8620484,7.2976246
841973,-6.822213,4.5325747,8.162227
841983,-2.6620643,3.333867,6.2737536
841993,-2.5806336,1.7076489,8.30473
842002,-3.009342,0.6251001,9.26154
842012,-4.2834926,0.86699706,9.469907
842022,-5.7660093,2.0573218,8.596923
842032,-6.6868944,2.9794042,7.923922
842042,-5.0966015,3.2428565,7.892787
842052,-4.557722,3.187771,7.7766285
842062,-4.54934,3.1207104,7.7299256
842072,-4.653523,3.0847852,7.652087
842081,-4.9133825,3.0931678,7.739506
842091,-4.9481106,2.8572583,7.892787
842101,-4.5984373,2.7051744,7.9861927
842111,-4.467909,2.574646,8.205337
842121,-4.3637257,2.3926246,8.284372
842131,-4.3026524,2.254911,8.340655
