1345573,-1.2382251,0.61911255,9.325008
1345583,-1.2430152,0.6167175,9.307046
1345593,-1.2478051,0.6550378,9.207653
1345696,-1.2981006,0.69216067,9.207653
1345701,-1.289718,0.6215076,9.2256155
1345711,-1.2466077,0.64545774,9.350156
1345721,-1.1939173,0.63468015,9.356144
1345731,-1.2525952,0.6550378,9.310638
1345741,-1.3232483,0.73048097,9.341774
1345751,-1.2933105,0.6011499,9.375304
1345760,-1.2777429,0.67898804,9.292676
1345770,-1.2813355,0.6777905,9.417217
1345780,-1.2969031,0.66701293,9.357342
1345790,-1.2202624,0.6227051,9.255553
1345800,-1.3064831,0.6382727,9.2747135
1345810,-1.1915222,0.6514453,9.313033
1345820,-1.2921131,0.6370752,9.251961
1345830,-1.3136683,0.676593,9.359736
1345839,-1.2034973,0.6430628,9.396859
1345849,-1.2837305,0.6825806,9.329799
1345859,-1.2945081,0.6861731,9.287886
1345869,-1.2454102,0.5831873,9.378897
1345879,-1.348396,0.59276736,9.2818985
1345889,-1.3088782,0.64665526,9.301059
1345899,-1.3172607,0.735271,9.142987
1345909,-1.2442126,0.7711963,9.207653
1345918,-1.3795313,0.66342044,9.103469
1345928,-1.2813355,0.6502478,9.301059
1345938,-1.3208532,0.65264285,9.269923
1345948,-1.3543836,0.7472461,9.217233
1345958,-1.3795313,0.62390256,9.393267
1345968,-1.3891113,0.6322852,9.329799
1345978,-1.2681628,0.6586304,9.372909
1345988,-1.3759388,0.66342044,9.460327
1345997,-1.3088782,0.71251833,9.283095
1346007,-1.2789404,0.7652087,9.348959
1346017,-1.3136683,0.73048097,9.3453665
1346027,-1.228645,0.6933582,9.229208
1346037,-1.1903247,0.7807764,9.135802
1346047,-1.3088782,0.7723938,9.005274
1346057,-1.2346326,0.6885681,9.121432
1346066,-1.2561878,0.74006104,9.2818985
1346076,-1.2585827,0.6442602,9.269923
1346086,-1.2609777,0.6334827,9.374106
1346096,-1.1855347,0.6514453,9.293873
1346106,-1.2442126,0.6286926,9.19448
1346116,-1.2298425,0.68497556,9.1693325
1346126,-1.2837305,0.69455564,9.319021
1346136,-1.2430152,0.6969507,9.342971
1346145,-1.1855347,0.6622229,9.285491
1346155,-1.1532019,0.6334827,9.395661
1346165,-1.2921131,0.5771997,9.280701
1346175,-1.2358301,0.68377805,9.287886
1346185,-1.155597,0.803529,9.144184
1346195,-1.169967,0.71850586,9.260343
1346205,-1.169967,0.6382727,9.20406
1346215,-1.2406201,0.5999524,9.260343
1346224,-1.1448194,0.5185217,9.529782
1346234,-1.4489868,0.55324954,9.406439
1346244,-1.1687695,0.6933582,9.325008
1346254,-1.2597803,0.7424561,9.333391
1346264,-1.2765454,0.71730834,9.316626
1346274,-1.2717553,0.6502478,9.404044
1346284,-1.2573853,0.68497556,9.486672
1346294,-1.1819421,0.8107141,9.522597
1346303,-1.22625,0.735271,9.499845
1346313,-1.228645,0.71251833,9.472302
1346323,-1.1807446,0.70772827,9.451944
1346333,-1.2585827,0.74604857,9.359736
1346343,-1.2022998,0.80592406,9.427995
1346353,-1.1819421,0.87657714,9.448352
1346363,-1.2358301,0.79035646,9.321416
1346373,-1.2585827,0.77838135,9.342971
1346382,-1.1771522,0.8202942,9.465117
1346392,-1.1412268,0.7113208,9.316626
1346402,-1.1400293,0.7723938,9.359736
1346412,-1.0933264,0.70653075,9.329799
1346422,-0.9891431,0.69096315,9.254355
1346432,-1.1783496,0.78915894,9.277108
1346442,-1.1819421,0.8095166,9.413624
1346452,-1.1100916,0.74006104,9.313033
1346461,-1.1603869,0.6382727,9.395661
1346471,-1.1759546,0.6646179,9.3872795
1346481,-1.108894,0.74485105,9.374106
1346491,-1.1723621,0.65623534,9.321416
1346501,-1.2981006,0.6550378,9.364527
1346511,-1.2633728,0.68377805,9.369316
1346521,-1.2298425,0.6933582,9.408834
1346531,-1.2837305,0.62031007,9.423204
1346540,-1.2981006,0.6430628,9.398057
1346550,-1.1927197,0.63587767,9.329799
1346560,-1.2909155,0.7831714,9.254355
1346570,-1.3184582,0.69455564,9.236393
1346580,-1.3052857,0.60354495,9.439969
1346590,-1.4489868,0.6598279,9.437574
1346600,-1.2921131,0.737666,9.2818985
1346610,-1.2106824,0.7855664,9.254355
1346619,-1.2921131,0.73407346,9.195678
1346629,-1.2693603,0.6646179,9.339378
1346639,-1.2933105,0.76161623,9.295071
1346649,-1.3615686,0.66940796,9.253158
1346659,-1.3328284,0.6119275,9.159752
1346669,-1.3220508,0.70174074,9.236393
1346679,-1.228645,0.6969507,9.210048
1346689,-1.219065,0.76760375,9.18969
1346698,-1.165177,0.69575316,9.195678
1346708,-1.1759546,0.6490503,9.293873
1346718,-1.1723621,0.6286926,9.119037
1346728,-1.1076965,0.6119275,9.283095
1346738,-1.219065,0.6442602,9.1621475
1346748,-1.0837463,0.6706055,9.147778
1346758,-1.1196716,0.62989014,9.093889
1346768,-1.0550061,0.60234743,9.142987
1346777,-1.0118958,0.63108766,9.069939
1346787,-0.86699706,0.6550378,9.089099
1346797,-0.82747924,0.61911255,9.249565
1346807,-0.7735913,0.69216067,9.24238
1346817,-0.6430628,0.6753955,9.334589
1346827,-0.4682263,0.796344,9.357342
1346837,-0.35925293,0.852627,9.327404
1346846,-0.26464966,0.79993653,9.399254
1346856,-0.27662477,0.76161623,9.447155
1346866,-0.17603393,0.7580237,9.56451
1346876,-0.15208374,0.7101233,9.54535
1346886,-0.104183346,0.6430628,9.46871
1346896,-0.1472937,0.66821045,9.445957
1346906,-0.1484912,0.48379394,9.407637
1346916,-0.082628176,0.5604346,9.49745
1346925,-0.09340576,0.68976563,9.556128
1346935,-0.05748047,0.63587767,9.583671
1346945,-0.034727782,0.554447,9.495055
1346955,0.032332763,0.45984375,9.498648
1346965,0.17244141,0.47062135,9.348959
1346975,0.13172607,0.43349853,9.393267
1346985,0.2586621,0.31255004,9.278306
1346995,0.09580078,0.4047583,9.504635
1347004,0.34608033,0.25267455,9.339378
1347014,0.14968872,0.18082398,9.359736
1347024,0.20118164,0.19998413,9.475895
1347034,0.21914428,-0.013172608,9.527388
1347044,0.20357665,-0.062270507,9.509425
1347054,-0.07903565,-0.10897339,9.73815
1347064,0.19758911,-0.1844165,9.811197
1347074,0.14609618,-0.22872436,10.047107
1347083,0.0742456,-0.3915857,10.120155
1347093,-0.13651611,-0.2586621,10.168056
1347103,-0.09101074,-0.17244141,10.299782
1347113,0.09939331,0.29578492,10.146501
1347123,-0.17004639,0.2969824,10.007589
1347133,-1.1304492,0.4406836,9.906999
1347143,0.0011975098,0.6430628,9.557325
1347153,-0.14968872,0.4754114,9.528585
1347162,-0.30416748,0.7316785,9.419612
1347172,-0.23830444,0.22752686,9.486672
1347182,-0.2945874,0.34488282,9.2818985
1347192,-0.104183346,0.5628296,9.285491
1347202,0.3568579,0.26824218,9.25675
1347212,0.6813831,-0.18681152,9.653126
1347222,-0.05149292,-0.04550537,9.704619
1347231,0.21435425,0.43469605,9.374106
1347241,0.020357667,-0.064665526,9.405242
1347251,1.6441809,-2.2465284,10.665022
1347261,1.8513501,-0.56881714,9.716595
1347271,1.2011023,0.3820056,9.443562
1347281,1.2202624,0.28500733,9.514215
1347291,1.5986755,-0.37601808,9.580078
1347301,1.9040406,-0.5281018,9.484278
1347310,1.8178198,-0.75562865,9.340576
1347320,1.8226099,-0.75083864,9.364527
1347330,2.010619,-0.6730005,9.359736
1347340,2.0657043,-0.46942383,9.286688
1347350,2.0549269,-0.53169435,9.21364
1347360,1.7962646,-0.69575316,9.150172
1347370,1.541195,-0.8454419,9.030421
1347380,1.3939013,-0.7113208,9.018446
1347389,1.3028907,-0.4682263,9.001681
1347399,1.23104,-0.19279908,8.913065
1347409,1.108894,-0.0742456,8.954978
1347419,1.0226734,-0.13771363,9.030421
1347429,1.1268567,-0.0047900393,8.977731
1347439,1.1029065,0.14010864,8.971744
1347449,1.0885364,0.45744872,8.728649
1347459,1.0035132,0.58438474,8.605305
1347468,0.91489744,0.5736072,8.673563
1347478,0.7711963,0.3305127,8.853189
1347488,0.57001466,0.27542725,8.908276
1347498,0.45864624,0.14968872,8.8316345
1347508,0.38440064,0.18681152,8.743019
1347518,0.22872436,0.27901977,8.772957
1347528,0.16645385,0.34009278,8.713081
1347538,0.083825685,0.2706372,8.749006
1347547,-0.120948486,0.14130615,8.969348
1347557,-0.19279908,0.0981958,9.195678
1347567,-0.26584718,0.21315674,9.272318
1347577,-0.23950195,0.085023195,9.632769
1347587,-0.21674927,0.120948486,9.523795
1347597,-0.30895752,0.18561402,9.563313
1347607,-0.39757323,0.43349853,9.632769
1347617,-0.32093263,0.89334226,9.630374
1347626,-0.5939648,0.86579955,9.692644
1347636,-0.6143225,0.61911255,9.655521
1347646,-0.6394702,0.613125,9.827963
1347656,-0.6825806,0.8705896,9.818382
1347666,-0.859812,1.0789562,9.674682
1347676,-0.69096315,1.355581,9.471105
1347686,-0.7496411,1.3400134,9.551338
1347695,-0.920885,1.4274316,9.81958
1347705,-0.859812,1.0382409,9.9081955
1347715,-0.8849597,0.98674804,9.832752
1347725,-0.8238867,1.1951147,9.642348
1347735,-0.7831714,1.3136683,9.612411
1347745,-0.7975415,1.2034973,9.586065
1347755,-0.8310718,0.9663904,9.544153
1347765,-1.2046949,0.9891431,9.443562
1347774,-0.6658154,1.0741663,9.600436
1347784,-0.7101233,0.8586145,9.565708
1347794,-0.59516233,0.9508228,9.50224
1347804,-0.6550378,0.9352551,9.249565
1347814,-0.6143225,0.97477293,9.072334
1347824,-0.62390256,0.89334226,8.938213
1347834,-0.69096315,1.0190808,8.783734
1347844,-0.7137158,0.88855225,8.539442
1347853,-0.796344,0.8801697,8.23288
1347863,-0.95321774,0.8849597,7.8820095
1347873,-1.0693762,0.9364526,7.532336
1347883,-1.22625,0.99872315,7.106023
1347893,-1.597478,1.0849439,6.580316
1347903,-2.1339624,1.2346326,6.1468177
1347913,-2.6393116,1.3471985,5.5121374
1347923,-3.1985486,1.3735437,4.888235
1347932,-3.6643798,1.284928,4.172124
1347942,-3.9972875,1.2034973,3.7003052
1347952,-4.2296047,1.035846,3.2177088
1347962,-4.5050316,0.7723938,3.194956
1347972,-4.9109874,0.6825806,3.1997461
1347982,-5.2355127,0.45265868,3.0476623
1347992,-5.81391,0.8322693,3.6392322
1348002,-6.3432093,1.4178516,4.1026683
1348011,-6.75156,2.2141955,4.658313
1348021,-7.401808,2.3590941,4.9061975
1348031,-8.463999,1.8848804,6.291716
1348041,-9.241183,1.8321899,8.353828
1348051,-9.702224,2.2585034,10.318942
1348061,-10.180031,2.8249254,11.906839
1348071,-10.884167,2.3830445,13.615686
1348081,-11.473341,1.7579443,15.706538
1348090,-11.732003,0.37721556,17.161512
1348100,-12.246932,-1.653761,18.33627
1348110,-12.375066,-3.8799317,18.477575
1348120,-12.147539,-6.211483,18.318306
1348130,-11.95474,-9.557325,17.154327
1348140,-11.7439785,-14.46951,15.365248
1348150,-10.558444,-20.12056,14.279106
1348159,-8.978929,-24.78965,13.178595
1348169,-7.4952135,-28.927046,11.89726
1348179,-6.246211,-30.852642,10.868599
1348189,-5.308561,-31.71485,9.243578
1348199,-4.5050316,-31.783106,6.9455566
1348209,-3.6452198,-29.914991,3.7949085
1348219,-2.4177723,-27.41459,1.0322534
1348229,-1.3711487,-25.375233,-1.7902771
1348238,-0.7580237,-24.45794,-3.974535
1348248,0.083825685,-23.01494,-5.1684523
1348258,0.28620484,-21.589903,-5.4438796
1348268,-0.61073,-18.834435,-5.980364
1348278,-2.4069946,-17.399817,-7.4293504
1348288,-3.3278797,-14.956897,-9.552535
1348298,-3.075205,-12.118799,-11.612252
1348308,-2.2477257,-10.48779,-13.725857
1348317,-1.6202307,-10.017169,-14.74374
1348327,-1.3591735,-10.529703,-14.735357
1348337,-1.099314,-10.581196,-13.929434
1348347,-0.8969348,-9.825567,-13.050462
1348357,-0.7149133,-8.496332,-12.553494
1348367,-0.2586621,-7.146738,-12.349918
1348377,-0.18920654,-5.5947657,-12.134366
1348387,-0.13172607,-4.373306,-11.710448
1348396,-0.18202148,-3.1889684,-11.292517
1348406,-0.13651611,-1.7280066,-11.053015
1348416,0.1844165,-0.21674927,-11.245814
1348426,0.45026368,1.1364368,-11.448194
1348436,0.88974977,2.1159997,-11.926
1348446,1.3352234,2.6860144,-11.442205
1348456,1.4429992,2.8919861,-11.666141
1348466,1.3795313,3.1769934,-11.819422
1348475,1.6034656,3.4991236,-11.782299
1348485,1.6082556,3.98172,-11.787088
1348495,1.7304016,4.3445654,-11.70925
1348505,1.5459851,4.4954515,-11.827804
1348515,1.5543677,4.7229786,-11.602673
1348525,1.3567786,4.787644,-11.0829525
1348535,1.475332,4.9205675,-10.460248
1348545,1.5627502,5.132527,-10.309361
1348554,1.9363732,5.264253,-9.812395
1348564,2.2046156,5.342091,-9.878258
1348574,2.5590785,5.3145485,-9.789642
1348584,2.994972,5.2331176,-10.075848
1348594,3.495531,5.316943,-9.941726
1348604,3.7290454,5.3361034,-10.224339
1348614,4.093088,5.374424,-11.182346
1348624,4.3421702,5.3768187,-12.351116
1348633,4.2787023,4.975653,-13.700709
1348643,4.455934,4.428391,-14.433585
1348653,4.728966,4.1565566,-15.093413
1348663,4.916975,3.993695,-15.61912
1348673,5.309758,3.5075061,-16.15321
1348683,5.398374,2.7878027,-16.298107
1348693,5.346881,1.8513501,-16.54719
1348703,5.024751,0.96399534,-16.403488
1348712,4.5469446,0.010777588,-15.699353
1348722,4.0200405,-0.7855664,-14.408438
1348732,3.2596216,-1.0382409,-13.121115
1348742,2.2944288,-1.0921289,-11.710448
1348752,1.1831397,-0.674198,-11.293715
1348762,0.37721556,-0.23111938,-11.330837
1348772,-1.346001,-0.61911255,-11.169173
1348782,-5.1864147,-1.0693762,-9.75731
1348791,-8.0580435,-2.1615052,-8.423284
1348801,-9.653126,-5.182822,-5.4510646
1348811,-10.890154,-8.038883,-2.9135413
1348821,-10.571616,-10.12734,-0.35925293
1348831,-9.101074,-11.705658,3.2332764
1348841,-9.353748,-12.783417,5.1193542
1348851,-13.602513,-14.340179,8.520282
1348861,-21.228256,-16.705261,8.126301
1348870,-30.183233,-18.36501,8.467591
1348880,-36.871326,-14.99881,5.6654186
1348890,-38.837635,-3.9170544,8.116721
1348900,-38.837635,-9.045989,21.508472
1348910,-38.837635,-12.843292,34.158966
1348920,-21.862936,-1.3891113,22.485641
1348930,-12.18586,0.99992067,4.9277525
1348939,-6.331234,8.679551,10.217154
1348949,1.1927197,6.6258216,4.700226
1348959,-7.728728,17.190252,6.389912
1348969,-11.193124,12.834909,8.982521
1348979,-12.4828415,3.7925134,16.381933
1348989,-16.505278,0.58079225,22.248533
1348999,-16.896862,2.7818153,25.133335
1349009,-15.403568,4.7624965,24.350164
1349018,-13.255236,3.505111,21.95634
1349028,-11.797866,-1.2597803,20.229532
1349038,-10.784773,-5.4414845,17.367485
1349048,-10.591974,-6.709647,15.698155
1349058,-9.401649,-4.822372,13.883928
1349068,-7.437733,-1.9974463,12.149934
1349078,-6.2318406,-0.8825647,10.903326
1349088,-6.387517,-1.5843054,10.41594
1349097,-7.125183,-1.9746937,10.605146
1349107,-7.7694435,-1.1232642,9.873468
1349117,-8.316706,-0.3329077,8.248447
1349127,-8.87235,0.22513184,6.8533483
1349137,-9.272318,0.2945874,5.6510487
1349147,-9.696237,-0.022752685,4.9385304
1349157,-9.942924,-0.39637575,4.380491
1349167,-9.994416,-0.4921765,3.9733374
1349176,-9.863888,-0.35087037,3.4152977
1349186,-9.733359,-0.1844165,2.9303064
1349196,-9.307046,0.24189697,2.0309765
1349206,-9.16095,0.45744872,1.9938538
1349216,-9.916578,0.6622229,3.9733374
1349226,-10.590776,0.35326537,4.8475194
1349236,-11.528426,-0.66940796,5.6510487
1349246,-12.027788,-1.1879296,5.292993
1349255,-12.616962,-3.2201037,5.4187317
1349265,-13.240866,-5.6953564,6.1276574
1349275,-13.230088,-7.787406,6.9335814
1349285,-13.785732,-8.229287,9.050778
1349295,-14.618002,-8.825647,11.070978
1349305,-15.511344,-10.934462,12.534335
1349315,-15.762821,-13.063634,14.138998
1349325,-14.868281,-13.668377,15.213164
1349334,-14.103072,-14.855108,16.540005
1349344,-12.358301,-16.161592,18.632055
1349354,-10.460248,-18.214123,19.830761
1349364,-8.754993,-19.770885,21.536016
1349374,-6.7216225,-19.575691,21.338427
1349384,-5.5588403,-17.866846,21.69289
1349394,-4.8726673,-15.035933,20.579205
1349404,-3.6212695,-13.410912,18.900297
1349413,-2.3459215,-12.5319395,17.00344
1349423,-1.1532019,-11.861334,15.108981
1349433,-0.78915894,-12.161909,14.323414
1349443,-1.7998571,-12.734319,13.248051
1349453,-3.2129188,-12.709171,11.385922
1349463,-4.452341,-13.018128,8.698711
1349473,-5.24629,-12.024196,6.009104
1349483,-5.419929,-11.70446,3.3482373
1349492,-5.6486535,-12.468472,2.0058289
1349502,-5.773195,-12.545113,1.9172131
1349512,-5.8510327,-12.207415,1.4358143
1349522,-6.100115,-13.390554,-0.05748047
1349532,-5.557643,-14.332994,-3.326682
1349542,-3.7362304,-14.608421,-5.53489
1349552,-1.1567944,-15.064672,-7.140751
1349561,0.5783972,-11.003918,-10.869796
1349571,3.1159203,-9.759705,-13.349839
1349581,5.108577,-9.280701,-13.909076
1349591,6.556366,-9.023236,-12.994179
1349601,7.067703,-8.0508585,-11.078163
1349611,6.3180614,-6.8186207,-9.211246
1349621,5.300178,-5.3624487,-8.302335
1349631,4.33259,-4.6271777,-8.293953
1349641,3.578159,-4.108656,-8.081993
1349650,3.4572108,-3.4883459,-8.828042
1349660,3.5003211,-2.7171497,-9.639954
1349670,3.36141,-1.4968872,-10.376422
1349680,3.05365,-0.19998413,-10.579999
1349690,2.46687,0.87657714,-11.027867
1349700,2.0525317,1.9543359,-11.073373
1349710,1.9770886,2.513573,-11.006312
1349719,2.1615052,2.6081762,-10.419533
1349729,2.2956262,2.6297314,-10.090218
1349739,2.1854553,3.131488,-9.898616
1349749,2.186653,3.9541771,-10.5692215
1349759,2.3291564,4.6834607,-11.252999
1349769,2.4836352,5.085824,-11.785892
1349779,2.8620484,5.19839,-12.448114
1349789,3.326682,5.0283437,-12.608581
1349798,3.7805383,4.6726832,-12.381054
1349808,3.942202,4.6714854,-11.842175
1349818,4.1469765,4.726571,-11.215877
1349828,4.191284,4.9840355,-11.290122
1349838,4.491859,5.0019984,-11.446996
1349848,4.905,4.7445335,-11.487711
1349858,5.2630553,4.4894643,-11.02188
1349868,5.4259167,4.2799,-10.939252
1349877,5.518125,4.2260118,-11.512859
1349887,5.623506,4.0954833,-11.999048
1349897,5.706134,3.8763392,-12.072096
1349907,5.764812,3.9098694,-12.037368
1349917,5.7121215,4.045188,-12.213402
1349927,5.7660093,4.63077,-12.389436
1349937,5.950426,4.996011,-13.122312
1349947,5.879773,5.7995396,-12.832515
1349956,5.798342,6.3300366,-14.285094
1349966,5.642666,7.509584,-15.326927
1349976,5.437892,10.265054,-17.525555
1349986,5.364844,13.576168,-19.9086
1349996,4.58766,16.219072,-20.270248
1350006,3.307522,14.861096,-20.786375
1350016,0.26345214,9.354946,-20.28342
1350026,-1.3915063,4.1936793,-20.035536
1350035,0.065863036,-0.55803955,-15.112574
1350045,2.7901978,-5.022356,-10.031539
1350055,2.6728418,-11.013497,-2.4680676
1350065,-2.9255164,-15.9173,1.8693128
1350075,-12.145144,-19.64874,4.4259963
1350085,-22.331161,-17.830921,4.0116577
1350095,-28.966564,-11.321258,-0.15687378
1350105,-38.837635,-7.989785,-1.0753638
1350114,-38.837635,-10.011182,14.112653
1350124,-38.837635,-18.881136,39.153778
1350134,-23.874752,2.5734484,25.564438
1350144,-19.446362,1.8896704,-6.037844
1350154,3.9541771,-9.863888,2.8536658
1350164,-1.6717236,-3.5266662,-2.811753
1350174,-9.818382,26.03985,-0.04790039
1350184,-1.4429992,18.048866,0.2586621
1350193,-2.6093738,-3.7529955,10.140512
1350203,-6.8114357,-6.6210313,18.764978
1350213,-7.5850267,3.5937269,19.909798
1350223,-6.2665687,9.716595,21.771925
1350233,-4.6355605,6.9024463,23.49035
1350243,-4.7181883,1.4382092,24.83755
1350253,-3.9757323,-1.108894,23.199356
1350262,-3.8511915,-3.5278637,20.51454
1350272,-3.7242553,-1.839375,18.5135
1350282,-3.7122803,3.1422656,15.845449
1350292,-4.5565248,6.531218,13.8971
1350302,-4.966073,9.762099,11.741583
1350312,-4.6595106,11.429033,9.621991
1350322,-4.728966,9.699829,9.172925
1350332,-5.4235215,5.999524,9.857901
1350342,-5.542075,3.1039453,10.453063
1350351,-5.388794,1.5112573,10.129735
1350361,-5.1157618,0.796344,9.266331
1350371,-5.142107,0.27662477,8.743019
1350381,-5.457052,-0.64665526,8.355025
1350391,-5.5133348,-1.4262341,7.692803
1350401,-5.618716,-1.7663269,7.060518
1350411,-5.706134,-1.9196081,6.0833497
1350420,-5.9192905,-1.7339941,5.384004
1350430,-6.204298,-1.648971,4.0727305
1350440,-6.5443907,-1.4034815,3.509901
1350450,-7.0557275,-1.4944922,2.75547
1350460,-7.820936,-1.5388,2.1387525
1350470,-8.374186,-2.3590941,1.8681152
1350480,-9.142987,-3.8487964,1.4944922
1350490,-10.038724,-4.8080015,1.6825012
1350499,-10.835069,-4.59724,1.8609302
1350509,-11.696078,-4.31822,2.0525317
1350519,-12.77743,-4.9912205,3.070415
1350529,-13.046869,-6.1599903,3.9098694
1350539,-12.597803,-6.803053,4.5002418
1350549,-11.555969,-6.981482,4.792434
1350559,-10.880573,-7.498806,5.5851855
1350569,-9.884246,-7.0796776,5.8809705
1350578,-9.129814,-8.281978,6.133645
1350588,-9.096284,-9.818382,6.957532
1350598,-8.411308,-11.702065,7.7670484
1350608,-8.026908,-14.826368,9.562116
1350618,-7.601792,-16.560362,12.440929
1350628,-6.4917006,-17.127983,14.489868
1350638,-5.637876,-16.343613,15.8873625
1350648,-4.4152184,-17.05254,16.106506
1350657,-3.4117053,-21.701271,17.495617
1350667,-1.8872753,-27.017017,20.613934
1350677,0.010777588,-29.475506,22.022205
1350687,1.6310083,-28.131899,22.397026
1350697,2.2405407,-26.033863,21.40429
1350707,2.339934,-24.805218,19.05717
1350717,2.7973828,-25.613537,16.801062
1350727,1.9232007,-26.690098,14.45993
1350736,1.0837463,-26.45778,11.8074465
1350746,-0.20836669,-24.24598,8.432864
1350756,-0.9939331,-23.578968,4.905
1350766,-2.8201356,-23.679558,2.4896228
1350776,-4.799619,-21.349205,0.368833
1350786,-6.175558,-17.442926,-2.4441175
1350796,-6.6653395,-13.842015,-4.1565566
1350805,-6.739585,-11.818224,-5.870193
1350815,-6.900051,-11.982283,-6.724017
1350825,-6.5910935,-12.636123,-7.3263645
1350835,-5.5612354,-13.282779,-9.15137
1350845,-4.5780797,-13.437257,-10.642269
1350855,-2.5447083,-9.839938,-12.771441
1350865,-1.0370435,-6.9707046,-14.7126045
1350875,0.7041357,-5.132527,-15.12814
1350884,1.5639478,-4.6104126,-14.873072
1350894,2.2333558,-4.7385464,-13.771362
1350904,2.6081762,-4.3397756,-12.905562
1350914,2.9782069,-3.0955627,-12.104428
1350924,2.9770093,-1.8633252,-11.207494
1350934,2.7590625,-0.7807764,-10.605146
1350944,2.7590625,0.05149292,-9.941726
1350954,2.7135572,0.72808594,-9.380094
1350963,2.6788294,0.798739,-9.066346
1350973,2.950664,0.87298465,-8.33347
1350983,3.373385,1.045426,-7.9861927
1350993,3.7027001,1.3939013,-7.580237
1351003,3.8068836,1.4238391,-7.2245765
1351013,3.9805224,1.5376025,-7.037765
1351023,4.2176294,1.9411633,-7.2221813
1351033,4.4834766,2.2824535,-7.5742493
1351042,4.851112,2.9015663,-8.120314
1351052,5.2882032,3.5673816,-8.689131
1351062,5.6558385,4.087101,-9.430389
1351072,5.931266,4.3469605,-9.82916
1351082,6.1396327,4.6990285,-10.524914
1351092,6.182743,5.0918117,-10.717712
1351102,6.1863356,5.2989807,-10.844648
1351111,6.1743603,5.4965696,-10.654244
1351121,6.239026,5.3768187,-10.436297
1351131,6.357579,5.606741,-10.417137
1351141,6.358777,5.9540186,-10.547666
1351151,6.308481,6.10251,-10.3440895
1351161,6.541996,6.3767395,-10.2315235
1351171,6.5922914,6.460565,-10.3440895
1351181,6.7288074,6.541996,-9.923763
1351190,6.864126,6.4174547,-9.7393465
1351200,7.0689,6.461763,-9.641151
1351210,7.110813,6.468948,-9.541758
1351220,7.1515284,6.356382,-9.15137
1351230,7.1838613,6.163583,-9.214838
1351240,7.05932,5.918093,-9.532178
1351250,6.995852,5.7073317,-10.04112
1351260,7.0341725,5.4606447,-10.7237
1351269,6.986272,5.157675,-11.33922
1351279,6.898854,4.968468,-11.862532
1351289,6.7288074,4.7397437,-12.61337
1351299,6.692882,4.564907,-12.864847
1351309,6.3539867,4.0679407,-13.535453
1351319,5.938451,3.4524207,-14.06116
1351329,5.9348583,2.8464806,-15.511344
1351339,5.4043617,2.842888,-17.141155
1351348,4.343368,2.2884412,-18.803299
1351358,3.234474,1.7675244,-20.099005
1351368,2.5566833,1.4034815,-20.67381
1351378,2.0896544,0.68976563,-19.930155
1351388,2.0992346,-0.120948486,-19.164946
1351398,1.6334033,0.020357667,-17.348324
1351408,0.8298743,-0.2562671,-16.680113
1351418,-0.5484595,-1.0394385,-16.148418
1351427,-1.6106507,-2.5291407,-16.337626
1351437,-1.6825012,-3.8954992,-16.117285
1351447,-1.9651135,-4.398453,-15.473023
1351457,-2.1686902,-4.064348,-13.8264475
1351467,-3.3961377,-3.5134935,-11.092533
1351477,-5.2259326,-5.316943,-8.638836
1351487,-6.7623377,-10.11776,-6.963519
1351497,-7.3491173,-15.245497,-5.0870214
1351506,-8.460406,-20.003202,-3.429668
1351516,-11.532019,-21.70726,-0.4263135
1351526,-16.58551,-20.301384,-0.16286133
1351536,-26.95834,-15.801142,1.8501526
1351546,-38.837635,-11.085348,6.0893373
1351556,-38.837635,-15.413148,14.354549
1351566,-38.837635,-24.46752,30.41076
1351575,-38.837635,-35.9217,35.385216
1351585,-18.762583,-28.868368,3.3410523
1351595,-9.074729,-1.3352234,-0.9735754
1351605,-2.2776635,0.6658154,-2.5530908
1351615,-9.874665,-0.08741821,-4.663103
1351625,-12.428954,15.684983,1.52922
1351635,-9.953701,16.77352,1.6142431
1351645,-17.284857,8.837622,13.245655
1351654,-13.057647,15.640675,6.627019
1351664,-11.414663,13.21452,5.449867
1351674,-15.934065,10.468631,7.6640625
1351684,-16.616646,9.053174,10.467433
1351694,-16.00831,7.662865,16.481327
1351704,-13.667179,6.377937,19.790047
1351714,-14.045592,2.5758436,22.648502
1351724,-15.359261,-1.9351758,24.24119
1351733,-14.679074,-4.4259963,24.108267
1351743,-12.207415,-4.404441,22.261707
1351753,-10.632689,-3.0153296,21.400698
1351763,-9.451944,-1.3543836,19.936142
1351773,-9.329799,0.60713744,18.221308
1351783,-9.602831,2.1698878,16.082556
1351793,-9.610016,2.8464806,13.510305
1351803,-9.586065,3.0931678,10.635084
1351812,-9.614806,4.2391844,8.098759
1351822,-10.114167,6.138435,6.573131
1351832,-10.296189,7.242539,5.7779846
1351842,-10.43989,7.076085,6.3791347
1351852,-10.381212,6.683302,7.219786
1351862,-9.860295,6.3300366,7.897577
1351872,-9.123827,6.671327,8.149054
1351882,-8.422086,6.4473925,8.224497
1351891,-7.7838135,6.0258694,8.144264
1351901,-7.3119946,5.527705,8.180189
1351911,-6.9120264,4.9864306,8.072413
1351921,-6.6844997,4.538562,8.184979
1351931,-6.5156507,3.7673657,8.406519
1351941,-6.340814,3.246449,9.334589
1351951,-6.0031166,2.6093738,9.895023
1351960,-5.4319043,2.7339149,9.655521
1351970,-4.5936475,3.5015185,9.0639515
1351980,-4.030818,3.3518298,8.601712
1351990,-3.6775525,2.3507116,8.55022
1352000,-3.2500415,1.2394226,8.527467
1352010,-2.6692493,0.25027955,8.735834
1352020,-2.0058289,-0.7532337,8.984916
1352030,-1.2058923,-1.1915222,8.671168
1352039,-0.6047424,-0.552052,8.623268
1352049,-0.22393432,0.28740233,8.093968
1352059,-0.10538086,0.8478369,7.838899
1352069,0.17124389,1.096919,7.526349
1352079,0.25027955,1.0442286,7.479646
1352089,0.2323169,0.49816406,7.570657
1352099,0.11855347,-0.10059082,7.9514647
1352109,-0.086220704,-0.5029541,8.098759
1352118,-0.26105714,-0.49457154,8.307125
1352128,-0.44547364,-0.71730834,8.0508585
1352138,-0.7005432,-0.14489868,7.540719
1352148,-0.33171022,2.3878345,7.110813
1352158,-0.6167175,-0.0047900393,5.1756372
1352168,-1.0657837,0.9699829,6.8461633
1352178,-2.894381,1.5196398,6.8018556
1352188,-1.6393908,0.2574646,8.964558
1352197,-0.05388794,-0.10777588,9.774075
1352207,-2.0513341,0.91489744,9.025631
1352217,-1.8142273,-1.3915063,9.783655
1352227,-1.4513818,-1.3256433,9.663904
1352237,-1.1424243,-0.7807764,9.495055
1352247,-0.9508228,-0.71730834,9.53098
1352257,-0.8957373,-0.58438474,9.674682
1352267,-1.3424084,-0.42751098,9.841135
1352276,-1.5352075,-0.21674927,9.863888
1352286,-1.5148499,0.015567627,9.968071
1352296,-1.7663269,-0.07185058,10.1824255
1352306,-1.7495618,-0.1101709,10.106982
1352316,-4.4906616,1.0394385,12.794194
1352326,-0.4430786,0.3796106,9.383686
1352336,-2.1639001,0.6011499,9.527388
1352346,-2.3650818,-1.0370435,10.378818
1352355,-2.2776635,-1.6825012,10.746452
1352365,-2.4045997,-1.3495935,11.070978
1352375,-2.7482848,-0.984353,10.696157
1352385,-1.9040406,0.5999524,9.762099
1352395,-2.0237916,1.2202624,9.054371
1352405,-2.3411317,1.1532019,9.159752
1352415,-2.7315197,0.53528684,9.284293
1352425,-2.701582,0.17603393,9.342971
1352434,-3.1590307,-1.3903089,9.648336
1352444,-1.2525952,-0.13172607,9.510623
1352454,-2.687212,2.430945,8.652008
1352464,-2.9243188,3.3063245,7.084468
