-1.2909541587096776,0.24401584068583018,-1.3615686,1.3138136741545294,3.1441198247311815,1.0221426128611528,2.7135572,3.3060951276837556,9.390369430107526,0.8618530197628648,8.980125,9.429837149260445,handwash,
3.9592842783823525,4.452542206118491,3.5,5.958276940048371,-4.756849283502938,6.07327403730478,-5.0,7.714419786229081,4.3296317764705865,2.1279376390645637,3.5,4.824295794784097,handwash,
-3.4878646049019633,1.0221371622145268,-3.0,3.6345514001741495,4.102504076470589,1.7766535170007887,3.0,4.470686459250869,8.68033743333333,1.546660171021947,8.5,8.817052548394704,handwash,
-0.12509470400000008,0.36787717978562895,-0.16525635,0.3885644147060761,3.3898797216451624,2.022799664103837,4.0679407,3.947531254888259,7.951052780645163,0.7304385686692627,8.386161,7.9845338513406485,handwash,
-9.724401997,2.764291610061162,-10.0,10.109663807699647,-2.300176757099999,2.1286387289888054,-2.0,3.1339936107870647,2.8016220008000015,1.3235422320415278,2.5,3.0985238219778246,handwash,
-7.549935131764702,5.3937241098634425,-8.5,9.278673410955744,-1.4530019963137255,2.633842135801201,-2.0,3.0080457439363344,4.4020811196078435,2.2929253928320628,4.0,4.963448905821627,handwash,
-0.10963084463431373,0.2721547038822603,0.0,0.29340604107699264,4.762613721568629,0.2121632458448154,4.5,4.76733706630454,7.9868500686274535,0.2650714375346437,8.0,7.991247517486302,handwash,
0.5063148565913982,1.48136695959285,0.34009278,1.5655040092502264,0.9796789217204308,6.259808799191262,4.228407,6.336006391418467,6.8439871940430095,5.397339692533135,8.052055,8.716159502258916,handwash,
-2.824080231607843,4.0324094385993625,-4.0,4.922982331378352,-6.793789934803922,19.364867286930455,-5.0,20.52202881585231,2.322488002941176,10.522130363817832,3.0,10.775396879789758,handwash,
-2.168948459460785,4.722115898251192,-2.0,5.196413761077343,-9.586218231137254,15.658240178299662,-5.5,18.359631408508886,0.2487533070588236,7.563821270699209,-1.5,7.567910571806097,handwash,
-1.9452489291176471,4.98317537738909,-2.5,5.349395315178179,-4.989107537549019,17.528647743942585,-3.0,18.22483705695203,-1.3970243083725489,4.984511371216864,-1.0,5.176584832490821,handwash,
-1.0611345371862746,0.7278004152004218,-0.5,1.2867400477079414,2.0499958254901967,5.374129662716043,4.0,5.7518477480033905,7.716236377450981,1.2592768406008217,7.5,7.818317081953852,handwash,
2.622327494301075,4.8467189527444505,-0.6502478,5.510652057085406,1.628510261655914,3.256450681056374,2.2656884,3.6409499736292914,5.84576623010753,5.23419524443892,8.404123,7.846641490088139,handwash,
5.628965047058823,9.882661506819062,9.0,11.373312884088486,-1.3443455945450982,2.2171484720657806,-1.0,2.592877248300898,-3.3835638534313737,7.561976487944213,-4.5,8.284442814967608,handwash,
-2.152782066415686,3.996193011084607,0.0,4.53916613568202,-0.5591196668401958,2.3766420487647926,-0.5,2.4415245707967808,10.608586455882351,2.7734025580220396,9.5,10.965120534712499,handwash,
-4.084886095698924,4.75315766682974,-1.5651453,6.267280288975177,-1.877618039233333,5.731745903299736,-4.172124,6.031447637279771,3.0407348320430096,4.926570603034546,4.7601013,5.7894011974887185,handwash,
-7.778561042772278,7.65689763411834,-10.690169,10.91485653939169,-2.7653108547524776,9.546214535338288,-4.5050316,9.938669733828359,3.508015954257425,3.7414929504599845,3.6967127,5.128834705239233,handwash,
-11.30801363749505,4.987255416029455,-13.23847,12.358959867662376,-9.20854187148515,4.460889340203817,-9.794433,10.232144306275162,4.614740205257425,3.077641487159556,4.687053,5.546864365162089,handwash,
-5.6488669740594055,6.241850110936844,-6.1156826,8.418455374831025,-0.9367965409831693,9.814937667301963,-3.9565723,9.85954305088329,1.1906329648019802,2.657180620642407,0.29817992,2.9117375753303594,handwash,
-7.45671722392157,4.277480031456578,-9.0,8.596479929426833,-5.232049289493133,4.479109479724194,-5.5,6.887435044996125,4.693146414431373,3.561464227581524,6.0,5.8914896852691605,handwash,
-0.4849013260752688,1.6134474419403,-0.66342044,1.684737945181164,-0.22764274720430108,4.270023018090286,2.205813,4.2760867385233885,8.739619402150538,0.7748199596757824,8.52148,8.773898407455953,handwash,
-2.00952915636,4.858949903847522,-2.5,5.258098667613681,-8.19785246,3.03485972064512,-8.5,8.741576429907951,3.9487046267,1.7200239226336673,3.5,4.307058221495746,handwash,
-1.6811614435148514,4.702797740277884,-4.2020617,4.9942577411587115,-8.430966707920788,1.6620172678870808,-8.3957405,8.593224134678648,2.396572744306931,2.1431789702536563,2.8129504,3.2150858491325507,handwash,
1.507439518613861,4.041859068439537,2.694397,4.313814858267066,-9.743283289108907,1.8729083330165732,-9.621991,9.921660893001327,1.9588177004455443,1.1929828948565369,2.1722827,2.2935071334092365,handwash,
-3.461905883339604,2.6611291727610933,-4.1829014,4.366508996809867,-8.631994165346532,2.0049534019418562,-8.468789,8.861780939209387,3.717722417821783,1.4699107892793428,3.6404297,3.9977615867400673,handwash,
1.178607895588235,1.1550308189565783,0.5,1.65021597504158,-8.446693819607843,2.481555832092507,-8.5,8.803678539678382,4.196085938235295,2.28521244898932,3.0,4.778005142114409,handwash,
-0.3707349319215686,0.35753699116513743,0.0,0.5150505701368651,-0.6439902238627454,1.0941319041433364,0.0,1.2695857718543913,9.34853611470588,0.5908421098629119,9.0,9.367188579651176,handwash,
2.1370012469892474,4.5920253011822165,-0.35925293,5.064925537096396,2.8802813875268805,1.4726980286785383,3.7194653,3.2349436401593508,7.588799672419354,3.7489877772440927,8.49274,8.46432453430501,handwash,
7.393425295432672,5.677987538407357,8.740623,9.322139244049776,-0.3488191745643564,6.141285810618707,0.6538403,6.151184131876598,3.15255711060396,6.877209547929224,1.8106347,7.565357063731262,handwash,
7.707148902,2.2583660766898186,7.5,8.031211710193123,-0.04178113141999998,3.646555899708246,-0.5,3.6467952496184592,4.538813484696003,2.9844944649146448,4.5,5.432129882464557,handwash,
-0.14433211805698942,0.6022906055853968,-0.44667113,0.619342985654347,1.668066714623657,1.907563258316494,2.8955786,2.534017393175192,8.980215951612903,0.6583774407799505,8.865165,9.004317819364818,handwash,
1.4507950614999994,1.2494239252854915,1.0,1.9146452557976879,-5.373381979000002,0.8373201332123068,-5.0,5.4382293899507985,7.436906930999998,2.142807731883297,7.0,7.739457970437894,handwash,
1.736741369310784,1.437109476428752,1.5,2.2542302968234678,-6.507878549999999,0.5806475957892114,-6.0,6.533730546330014,7.131323223529411,2.0501884582853256,6.5,7.4201781402427445,handwash,
1.3888882564833334,1.225173899859411,1.0,1.8520425680566932,-6.535151250980391,0.8426959681526438,-6.5,6.589259318613232,6.968849338235291,2.3500897885072773,7.0,7.354439687227617,handwash,
1.39265689677451,1.5592579716528148,0.5,2.0906407281731734,-7.424149612745098,0.5612490450842395,-7.5,7.4453339725650425,6.2737183980392155,2.047279067851324,5.5,6.599310124517406,handwash,
1.6074220447754899,1.5601996855976688,1.0,2.240095687458302,-6.484902811764705,0.8332879606776299,-6.0,6.538220958597534,6.709118924509802,2.3629984791644802,6.5,7.113089241373909,handwash,
0.019019271019607587,1.3258335492189763,0.0,1.3259699592768706,-0.6019247731960791,3.8209522594249123,0.5,3.8680731122086494,8.522970547058824,1.4984549521637205,8.5,8.65369251763062,handwash,
-0.7402136598039215,0.23108518127996552,-0.5,0.7754460801161549,3.083223701960783,0.15811698314285794,3.0,3.0872753969626614,8.814329360784313,0.32077858901311,8.5,8.820164453316824,handwash,
-4.428288104193548,3.4187724522421914,-3.6068995,5.594438364478794,-1.0450654552688177,4.445274710953091,-1.2130774,4.5664678977997095,6.53438588387097,1.7658321600858413,6.9539394,6.768778478937364,handwash,
-7.857691523762377,3.2124059018767754,-8.941806,8.488985084273612,-5.265663857952475,2.409280840316721,-5.653444,5.7906692214686375,2.6488560345544543,1.3894772751319047,2.8692334,2.991167897310938,handwash,
-3.2011784006862736,1.2485943437375144,-3.0,3.436063298053988,-10.027899785294117,6.787054013693046,-8.5,12.108793345692574,2.5337545486274506,3.0092158331536836,1.5,3.9338647718488127,handwash,
-2.1664595233333337,1.22217359584353,-1.5,2.4874193785163756,3.689539336666666,0.9945701779578464,4.0,3.821239374299105,7.924884802941174,0.6094672650932883,8.0,7.948285946486091,handwash,
-1.7956208283870965,6.19887062295814,-0.8238867,6.453700578699868,-5.159309812903227,12.578095413157623,-1.8297949,13.595108016048137,5.38847206973118,5.075549272693226,7.2401443,7.402488207745404,handwash,
-1.69679952923,7.391719499752695,-0.5,7.583972956532703,-14.187916077499999,8.654355916853918,-13.0,16.619110654838522,2.1270647534000013,2.4994719019256824,1.0,3.2820366015132425,handwash,
-1.5091942554455438,6.06186562218804,-2.102827,6.246909805826799,-12.267135897524751,7.046006629783744,-11.754756,14.146689809114248,1.0774979498990103,1.762632846926116,1.3627661,2.0658839234331228,handwash,
1.0113909210784313,2.5360897816307357,1.0,2.730322870235626,-3.5610653177156824,8.586027530600362,0.0,9.295216778174936,5.991000453921568,2.417697818615025,6.0,6.460444967726627,handwash,
-1.325514549827956,3.270490662822747,-2.9518616,3.5288947274488622,-4.4203948454838695,5.077653341214508,-5.982759,6.732195336108961,0.39239690634623453,7.841093619912156,1.2513977,7.850905966086794,nonhandwash,
-3.365962823168317,3.5058009447527527,-3.766168,4.860076747457856,-7.457071140594058,2.4683201225036444,-7.146738,7.854967487077028,-5.6014289845049525,2.815668313730052,-5.879773,6.269289809970153,nonhandwash,
-3.7388410348149987,3.313231720578692,-3.0,4.995641772371728,-8.275822291,1.7870010417011613,-8.0,8.466558174090197,-3.2812486395000007,4.442139510655348,-2.5,5.522607723380862,nonhandwash,
-5.306841597623761,3.5489660079204195,-5.5899754,6.384177900688901,-7.246297551485151,1.7378265252038245,-7.3000197,7.451769537255003,-5.132870666138612,4.026069831253994,-5.3241286,6.523465303152906,nonhandwash,
-5.928455882178216,0.9847342123758208,-5.943241,6.0096830711741305,-7.229556149504952,2.408738353931996,-7.739506,7.620269193181293,1.848053976871287,2.5259786434194695,1.6429834,3.1298357158868644,nonhandwash,
-5.727783119607846,0.6986506737930819,-5.5,5.7702350237452285,-2.544567359512745,3.758081418317314,-1.0,4.538501844639873,6.196232508137257,1.7910748217198043,6.5,6.449902814143445,nonhandwash,
-5.640702096999998,1.164336643973312,-5.5,5.759618040078633,-5.3599818301,3.6587112916492264,-5.0,6.4896512644859214,3.8936072023,4.096956385922342,4.5,5.652011029178224,nonhandwash,
-1.0348673402870965,3.0014970408335917,-2.5315356,3.1748913206794493,-4.275856697741935,5.30714593821043,-5.358856,6.815331870796027,0.46427324075268644,7.617891283577855,-1.5938855,7.6320257632224004,nonhandwash,
-3.3402697145148514,2.723396734685785,-3.7901185,4.309790196773193,-7.3718819762376215,1.9123812838179992,-6.589896,7.615894303775131,-5.600219635643562,1.6923979647404448,-6.3767395,5.850356471062712,nonhandwash,
-5.221119129411762,1.315421873299823,-5.0,5.384275222187761,-8.67069859901961,0.7451968134981285,-8.5,8.702662379173876,-1.2449757669607842,0.9784695220438173,-1.0,1.5834668502650286,nonhandwash,
-4.7208349863,4.172708336710904,-4.0,6.300617257946304,-7.481801503000001,2.1571455058975086,-7.5,7.786567309405787,-4.162304485799998,5.583378297911823,-4.0,6.964114577611679,nonhandwash,
-5.983553145841586,1.5886521982334574,-6.2414207,6.190858103370059,-7.139244958019802,3.924327679668426,-7.067703,8.14672733728231,-2.5417204075742563,4.926994792065009,-3.573369,5.543971528725156,nonhandwash,
-5.691111819801979,3.062256464544639,-6.0258694,6.462675018917106,-7.194840212871284,2.5325865911007464,-6.610254,7.627563210499999,-4.318101642673267,3.6124983621370337,-3.9913,5.629933055809839,nonhandwash,
-6.064663736633666,1.324604627769093,-6.09293,6.207634304495289,-6.365665466732668,2.8698194619349002,-6.004314,6.9826614251625605,2.79767922039604,3.0963927134636458,3.4835558,4.173087209276431,nonhandwash,
-5.665172180392157,1.397422841495144,-5.0,5.834977843267409,-4.61804378607843,1.8332086493635065,-4.5,4.968599637950193,6.395899682941178,1.2148391271468164,6.0,6.510250906001541,nonhandwash,
-4.598823787964515,1.5953457865836003,-4.968468,4.867679982447319,-6.209255513548387,3.9319364228559577,-6.7599425,7.34948828599055,2.887286177182796,4.867927156475035,4.8080015,5.659782351795692,nonhandwash,
-3.2053186573861385,2.9455658031217133,-3.69791,4.353208655222919,-7.021070900000002,2.026521875709963,-6.0474243,7.307682771957048,-5.721274815841581,1.9893970372224146,-5.7875648,6.057283722106178,nonhandwash,
-4.196373632599999,3.779061857256077,-3.0,5.64719932226128,-8.003616416000003,2.4256349064792526,-8.0,8.363108299788738,-4.114116621049998,5.894712830691544,-4.0,7.188434803760789,nonhandwash,
-5.9772099524752464,1.4432879440451436,-6.0833497,6.148993324552825,-6.957484392970299,3.7175589000216083,-7.2904396,7.888398649507711,-3.080398213821782,4.922336428125734,-4.0583606,5.806741691118179,nonhandwash,
-5.795354409405938,2.9947860690761052,-5.957611,6.523409869857421,-7.371680454455445,2.5316173721743715,-6.9659142,7.79427733928525,-2.796185314138614,4.202376834610677,-3.5003211,5.047635423748126,nonhandwash,
-5.8689241990297045,2.0896877758824495,-5.9276733,6.229852827686139,-6.57979448950495,2.645838992282036,-6.421047,7.091837526142272,1.4654792391613864,4.600140674759082,1.5519726,4.827931609704717,nonhandwash,
-4.234596073267328,0.5450638196205557,-4.29427,4.2695314111961284,-2.8433624506396025,1.6654729967361728,-2.501598,3.2952253835761547,7.9762687099009915,0.9558795788368266,8.270002,8.033341042292609,nonhandwash,
-2.674477096419354,2.723253429226152,-3.5817518,3.8169276884771732,-3.836847003430108,6.163523101345265,0.10178833,7.2601936577854005,1.5072012473118304,7.8210801277163435,5.4821997,7.964982734699293,nonhandwash,
-3.558797452633666,2.468486505169982,-4.6475353,4.3311043551360155,-7.267485223762375,2.164219390695972,-6.0498195,7.582887777665508,-4.198730096336631,3.8350015849899237,-5.955216,5.686525439911288,nonhandwash,
-5.048167608910892,1.8715442409514966,-4.7038183,5.383927381892869,-8.177094649504944,0.7701003301657505,-8.066425,8.21327775163387,2.6581041250495043,1.7126996843124638,3.2680042,3.16209704915096,nonhandwash,
-4.659690119499999,3.3110937728016254,-4.0,5.716297226531491,-8.015974700000001,3.1167741299570055,-7.5,8.600589012864722,-3.020874049823001,5.704424453971485,-2.5,6.454931322327285,nonhandwash,
-6.246436186138612,1.6115722440103708,-6.1767554,6.450979005171735,-7.25220218950495,3.3290343266754805,-7.332352,7.979781083817029,-2.0252735731683167,4.4299361502163705,-3.0979578,4.8709411145247685,nonhandwash,
-5.831003801078435,1.9104169784109235,-6.0,6.135983894991237,-7.323770133333331,1.8840622388745198,-7.0,7.56222847352936,-2.488002648431373,2.480689750993812,-2.5,3.5133998945874727,nonhandwash,
-5.198521606000002,2.6801053393449235,-4.0,5.84872563196753,-6.187556922100002,2.2009210304118714,-6.0,6.567336906717737,5.0614307122,2.5731738632126975,5.5,5.677966588905077,nonhandwash,
-3.361938210784315,0.6563499534552243,-3.5,3.4254085587754792,-1.7095038832352953,1.5197447076464516,-2.0,2.287362564880336,8.731454597058825,0.5953983605218023,8.5,8.751731176642238,nonhandwash,
-1.9606067672365588,4.065956413048671,-3.3410523,4.513976124055754,-5.620505676344084,5.340461670510957,-6.6354017,7.753103566444392,-4.00912103935484,6.1971769115857445,-5.9145007,7.380924954346105,nonhandwash,
-3.0285022215148514,3.1588663710998355,-3.4727783,4.376101284955119,-7.747793323762377,2.0713817145315687,-7.0509377,8.019907954274325,-0.8027465242079194,5.064942759963939,2.3363416,5.128162160446863,nonhandwash,
-5.489325469207918,2.926748983006218,-5.442682,6.220816161599914,-8.031804672277229,2.006631850061737,-7.9275146,8.278674874356192,-1.0473705231287127,5.179430079656372,-0.120948486,5.284267306142654,nonhandwash,
-5.572629482079209,2.7315752407150393,-5.400769,6.206102048808561,-6.849910016930692,3.8551674582106865,-7.2928343,7.860253391010629,-2.376250640680196,5.487886082963692,-3.1913636,5.980255911490714,nonhandwash,
-6.233974995049501,1.5041506743754933,-6.2102857,6.412870924174813,-7.1833749405940575,3.5236918065642153,-7.266489,8.00107989491434,-3.2103458192079213,4.014295873465135,-3.8931043,5.140125644244992,nonhandwash,
-5.6692720585148555,3.857065601124082,-5.412744,6.856938145034695,-7.366416061386135,2.20972913449431,-7.635322,7.690707928226157,2.3781121141584154,3.4324504236605593,2.75068,4.175779345031842,nonhandwash,
-3.9684416960784326,0.8940604789434866,-4.0,4.0679077712237435,-1.1917100580323523,2.9941874029168307,0.0,3.222627975147196,7.902237828431374,1.186100233951816,8.0,7.990756939243762,nonhandwash,
-0.9616389620430111,2.5358973365291835,-1.8597326,2.7121070765615,-5.205806700000002,5.375934616385353,-6.2641735,7.483388029323032,-2.0103485033333337,7.426709464625744,-6.2426186,7.6939921092249755,nonhandwash,
-3.885243365247523,2.3208334088005627,-3.97693,4.525636277763024,-7.4963043990099,1.981831068502854,-6.819818,7.753852850467202,-4.924907090990099,2.198216685453058,-5.400769,5.393224123943748,nonhandwash,
-5.199694101059404,2.3447624953188897,-4.888235,5.703922326263398,-8.110437194059404,1.726479336255248,-8.383766,8.292160296165202,0.1515146411881188,4.25703608079863,1.0897338,4.2597315501937105,nonhandwash,
-5.254222311577227,3.7716572674447835,-4.794829,6.467785605796236,-7.6916882056435645,3.2434226323746698,-8.070019,8.347565982071453,-3.9842098444950502,5.682414214052105,-4.525389,6.940011483062017,nonhandwash,
-6.109682975247527,1.8567763073898487,-6.262976,6.385596629424203,-6.753220003297032,3.676395645101626,-6.6653395,7.689074414534778,-2.949347979871287,5.129785289291992,-4.0332127,5.917208008901441,nonhandwash,
-6.143628220792079,1.2052509691746458,-6.0055113,6.260734590605903,-7.045886624455446,3.3420890212935874,-7.1371584,7.79833811468388,-2.472750992277228,4.954721424074246,-3.4488282,5.5374869625118155,nonhandwash,
-5.548797843168317,3.2347827599369756,-5.24629,6.422848044935739,-6.140889355445546,2.5752265969896975,-6.4006896,6.6590024854829055,4.0090374484158415,3.677639856074896,5.562433,5.440350739960722,nonhandwash,
-4.027342739215686,0.556500656443805,-4.0,4.065609735296256,0.5685353756862745,1.0587495308860941,1.0,1.2017416704759214,8.392524090196076,0.35026190734269674,8.0,8.399829998771216,nonhandwash,
-0.06879887397849425,3.384628305328983,-1.1508069,3.385327465740184,-4.217783930752688,6.134736158636139,-5.715714,7.444775955164356,-0.516152441720431,7.464982006069797,-2.1459374,7.482804934918446,nonhandwash,
-3.2158472784950485,3.035394605347997,-5.126539,4.422136828364739,-6.801321943564357,1.9421748553089069,-5.9540186,7.0731904646067765,-4.732783863861387,4.447464685985219,-6.206693,6.494550425942684,nonhandwash,
-4.245444862376237,0.9358895963830617,-4.5696974,4.347377533191112,-4.130780287821782,1.0901781322160657,-4.439169,4.2722165378429855,7.336703678217826,0.7621306663708353,7.2832546,7.376182211320282,nonhandwash,
-5.514342763920792,4.457439204444967,-4.487069,7.090609309454907,-7.482527104752469,3.1537278657573484,-7.174281,8.119988382048948,-1.3981578463366338,7.20575896275743,-0.27782226,7.340150379429004,nonhandwash,
-5.285511672475247,2.2135474372552126,-5.146897,5.730307661622647,-7.452032163663364,4.016353291322757,-7.3371425,8.465451974288934,-2.433363575227721,5.01300718106519,-3.561394,5.572387216144999,nonhandwash,
-5.654344716831682,1.4185741733481072,-5.7348742,5.829576902490663,-7.042080680198019,3.671250411263095,-6.8246083,7.941598068941645,-4.390817715217821,4.470624389518657,-4.968468,6.266239912453856,nonhandwash,
-5.221035861386141,2.4314683928156247,-4.9301476,5.759449106567528,-7.805593902079212,2.747086593850985,-8.351433,8.274888574373186,2.215286364165347,3.062940608826003,2.7973828,3.7800924391411814,nonhandwash,
-4.273677555882353,0.6875121910125579,-4.0,4.328624823710579,-2.4974301065686255,2.4208927213687406,-2.5,3.4782004981845898,7.732895827450983,1.3762477275029137,8.0,7.854408678294356,nonhandwash,
-1.0401595404301074,3.9554177363543066,-2.3064039,4.089897472873129,-4.836613138817204,5.958870526048081,-6.100115,7.6746963849251895,-1.7701125703225793,7.199139296374151,-5.4342995,7.413562242283564,nonhandwash,
-3.969804154653464,2.585823781528412,-3.98172,4.73770299358474,-6.937565403960395,1.7396341015804289,-6.199508,7.1523520985484,-5.331194933663366,1.2154182923645014,-5.1552796,5.467986928123749,nonhandwash,
-5.387919763600001,4.403060219123373,-4.5,6.9582051329504715,-7.578907575,2.072707609012664,-7.5,7.857223228523634,-4.6031676463,5.011713833490749,-5.0,6.80488265356175,nonhandwash,
-5.251530888336633,3.4119662472125265,-5.215155,6.26259453767137,-7.063612123769311,4.20818135355336,-7.2461314,8.222129075820623,-2.8998707001980195,6.156482740228711,-3.5170863,6.805257512291581,nonhandwash,
-5.053277797881188,2.4344085610086257,-5.139712,5.609096321554038,-7.415146535049506,4.051436271020586,-7.076085,8.449765321853496,-4.776392168636633,5.084832787673877,-5.732479,6.976349090119893,nonhandwash,
-4.777162864356435,3.6411553171115485,-4.435576,6.00660445475777,-7.967364481188115,3.993772846856536,-8.822055,8.912301516913944,-2.1997424451891083,3.439024722511036,-1.7603394,4.082371598373751,nonhandwash,
-3.897718179411763,0.39438061406947894,-3.5,3.9176195673994156,-3.584123243843137,3.573880042533024,-2.5,5.0614778459924645,6.917156855882353,2.1401215315026274,8.0,7.240661512491893,nonhandwash,
-1.514296172021505,2.736089525797826,-2.743495,3.127183843297282,-4.3550082352688175,6.770383113367185,-5.3624487,8.050104609943075,-0.8773239608602146,8.054635940782774,-1.7555493,8.1022748330854,nonhandwash,
-4.325535685148515,2.0441676100239956,-4.6475353,4.784232454779392,-5.799883622772276,0.8783757053387535,-5.874983,5.866020279323233,-7.062770322772278,1.2404564617302614,-7.003037,7.170875599651774,nonhandwash,
-5.9372771145544565,4.790650253503798,-5.2917957,7.628996617275961,-6.5154135362376255,2.660514721859615,-6.2977037,7.037680877492257,-4.391339466831683,7.693797663177854,-7.085665,8.858802672758582,nonhandwash,
-6.1231638358415825,3.182488723227619,-6.7850904,6.900823851833138,-7.18531942816831,4.022833342504856,-7.3826475,8.234804392721289,-3.210986094292077,4.986832959762081,-3.7506006,5.931183243359334,nonhandwash,
-5.775139049504947,1.4077119472806134,-5.755232,5.944231150252615,-7.0296668953465336,2.7823953188379678,-7.2808595,7.560287056046379,-3.3108655081188125,4.3637458899988575,-4.414021,5.477600624847777,nonhandwash,
-6.409925969108911,4.638365930532208,-6.422245,7.912116621674552,-6.680373435544553,2.485965753308197,-6.1528053,7.127932025836843,2.8982107800000008,3.5357100725998043,3.6871326,4.571747088673206,nonhandwash,
-3.464962308225807,2.3196317319750546,-2.76026,4.169730826973259,-5.731101395293552,4.71285342242641,-5.0067883,7.4200074517760415,-1.7562575428494622,6.7905932699042095,-4.946913,7.014028622274364,nonhandwash,
-4.588347547188119,2.521769615024753,-4.7253737,5.235671418743666,-7.51233446039604,1.9270256323690327,-7.5359287,7.755552645212404,-1.3076688164950496,4.341328126808508,-1.778302,4.53399687232493,nonhandwash,
-6.257270292948038,4.39741359741722,-6.0,7.647919839130107,-7.26188702745098,2.176155760880382,-7.0,7.58094038329505,-2.49431890972549,6.1348507602828795,-2.0,6.622538839022207,nonhandwash,
-6.307499441599997,3.9797726396805784,-6.0,7.458092213785938,-7.384587626800001,3.5797891547372767,-7.5,8.206523308336015,-3.4427447677750003,6.386037387236985,-3.0,7.254926949820428,nonhandwash,
-6.231330989108908,1.4090288949371492,-6.1300526,6.388649960875681,-6.942592544792078,3.731269712134559,-6.660549,7.881748848301072,-2.9490160215841588,5.081200562813724,-3.798501,5.874971885473034,nonhandwash,
-6.253585673861384,3.375679622971341,-5.846243,7.10651438451146,-6.157476680099009,2.9647200176904804,-6.5012803,6.834038619239558,3.8595976516831665,2.7808918578801927,4.148174,4.757084564951792,nonhandwash,
-3.5332408098039205,0.7445117799501338,-3.5,3.6108293244832805,0.18778596731372557,0.8261538535339539,0.5,0.8472271001502212,8.549984960784313,0.3434128389583974,8.5,8.556878823940385,nonhandwash,
-0.9495479868817212,0.28133200708306233,-0.8693921,0.9903479578413399,4.122704211827956,0.23765400243145834,4.078718,4.129548334030693,8.41560934408602,0.1345297552000999,8.426876,8.416684554342176,handwash,
1.3922694711637256,2.650642125983843,0.0,2.9940470872006455,2.855297675980392,4.336499906432968,4.0,5.192105185466888,7.818130369607843,2.036294136652495,8.5,8.078963812714465,handwash,
5.425646732352941,1.2371361831903556,5.0,5.564903269604149,-0.3284581733333329,5.916648944102246,-0.5,5.925758980871199,6.285576134313724,2.539397740045871,6.0,6.779159846352964,handwash,
6.631656438235294,1.4544985054918105,6.5,6.789288108282454,-2.491677355196079,6.284493014779801,-3.5,6.760422212792115,3.9646026094803934,3.6631020433744395,3.5,5.39781348615092,handwash,
6.826001203061224,1.410982637717832,7.0,6.970305906352637,-3.8294407316734693,4.342321719239367,-4.0,5.789678249331112,4.925162182755104,3.5225882175470358,5.0,6.055233296648628,handwash,
7.209720178217824,1.5702557645310844,7.521559,7.378737575916649,-2.818357012970296,4.2055794651663545,-3.8883142,5.06261146942838,3.936890403663367,3.883211492235916,3.9853125,5.529777350299902,handwash,
2.2072476468019806,4.903129242104927,-1.2322376,5.3770455213897295,0.6792963138613862,6.332925988122386,4.819977,6.36925388511571,5.874093669158416,3.7270357503900398,7.452103,6.956706973757945,handwash,
-0.3251561004301076,1.911241575145063,-0.91010743,1.9387033935622788,2.8112378582150526,2.276999467282158,4.3589354,3.6177043645749714,7.148360712903226,2.479332422208465,7.465276,7.5661185651291785,handwash,
-11.310325580198022,3.9662394540373036,-11.03146,11.985596361334874,-5.795899833663367,2.453830306104138,-5.8246875,6.293944554332694,3.310806224257426,1.9533039552873337,3.4871485,3.8440648012647824,handwash,
-10.011017204901961,2.580106226605934,-9.5,10.338153298215971,-3.238066408627449,1.677653273823174,-3.0,3.646860920552234,3.2411541082352944,2.1958368579709635,3.0,3.91494309794591,handwash,
-9.779475249999999,1.7598562009498444,-9.0,9.936560270706567,-3.212953916666667,1.0558582919056243,-3.0,3.3819978715560333,2.895649054509804,1.2144593953834946,3.0,3.140015138485604,handwash,
-9.643170484313725,1.8031005747967555,-9.0,9.81029605426726,-2.8440269892156866,1.0426708273938639,-2.5,3.0291338646031223,3.003448408137254,1.3443999678402228,3.0,3.2906099151784924,handwash,
-9.299543842156863,2.3264683369744117,-8.5,9.586134288394993,-2.942551515686274,1.235544204224102,-2.5,3.1914227083010105,2.897703614901961,1.6389457214260303,2.5,3.329088361338068,handwash,
-9.336232243137259,2.183072835323768,-8.5,9.588067558279107,-3.098580000000001,1.1826234781563345,-2.5,3.316594082411441,2.9318208967647066,1.5221507458410988,2.5,3.3034098540403387,handwash,
-9.39334884411765,1.634742493387726,-8.5,9.534536461043814,-3.0278447401960786,0.8965086210483701,-2.5,3.1577795170573744,3.1467504131372546,1.5048927355422044,3.0,3.4880854788934257,handwash,
-9.630890102941182,1.8420483635318161,-9.0,9.8054671662558,-2.946871962745097,0.9075111784118522,-2.5,3.0834446490500866,3.181877380294118,2.1078875929641465,3.0,3.81674386981882,handwash,
-8.734612732352941,2.1376380689069685,-8.0,8.992383226810476,-5.902337766666666,1.8099657238984865,-5.5,6.173618633630284,1.239293447254902,3.057870804861247,1.5,3.2994578505614687,handwash,
-1.7828602650537635,1.1246120135287547,-1.3292358,2.107923837732468,-0.9033730320967743,2.494420708493438,-0.44906616,2.6529639096830224,8.785459584946235,0.6839509425653949,8.982521,8.81204227239973,handwash,
-1.2279624548599999,5.516229524813845,0.0,5.6512547244814355,-9.989518753500004,9.926894353575976,-7.5,14.083100384275717,-1.5342375453200001,4.944624727041222,0.0,5.17718055863778,handwash,
-3.0224079024257424,4.211673508141003,-2.074087,5.183931256085706,-9.101821173722772,7.524440665979534,-7.2581067,11.809333428025255,-1.5038588528712868,3.5457610927039123,-0.81670165,3.8514949274135346,handwash,
-2.6581041187821772,4.888567167393467,-1.5783179,5.56449516635644,-9.283238079069305,7.904458335963257,-7.6688523,12.192578513901866,-1.0810904446930694,3.4223460633473404,-0.852627,3.589040140053565,handwash,
-2.941060035499999,3.9302833366520695,-2.5,4.9088655755459625,-8.438480061000002,6.055417061083044,-7.5,10.386338215345681,-1.6858662139,3.684752403504522,-1.0,4.052103795104694,handwash,
-3.152699387564359,3.779322281192987,-2.5004003,4.921665402429387,-9.871523633663367,5.6670411658828455,-9.5214,11.382545164671443,-1.5996714839603963,2.8258788185853985,-1.5483801,3.2472357404299528,handwash,
-1.245345776344086,0.07192081037585173,-1.2478051,1.2474208213843374,0.6867267841935486,0.06469688929756545,0.6825806,0.6897676156602263,9.32020562903226,0.09400849591152845,9.325008,9.320679726540769,handwash,
0.052537804792156764,0.9479975755942904,0.0,0.9494522759280902,0.2568188850460784,0.506580820875163,0.0,0.5679613259675915,9.342290313725494,0.3520019640471883,9.0,9.348919386144166,handwash,
-2.533531509852941,3.9628210408311038,-0.5,4.703480893239754,-3.6546237108235307,9.820640614669484,0.5,10.478609475985321,1.948559687254902,10.116421915754719,5.5,10.302372407962999,handwash,
-7.677751605686275,9.399065287848243,-7.5,12.136321436244675,-4.933575858303922,7.816818033555989,-2.0,9.243528272221889,4.306385933333333,12.19555767041345,5.5,12.9335450167072,handwash,
-3.4215436276862756,9.483479616784173,-2.5,10.081832494051932,0.2690874751960789,7.577833694742921,0.5,7.582609812886888,-0.939317368333333,12.34865679027652,0.0,12.384330488261975,handwash,
-0.9269663990392155,9.807646843844461,2.0,9.851355405147046,-6.014621949794116,11.514939339532328,-1.0,12.991131790265788,-4.814388390490197,12.019549184835586,-9.0,12.947891650039734,handwash,
-3.3631671205434794,4.669855323440971,-2.5,5.754862450360974,0.613242131521741,8.583677511240284,3.5,8.605555503792043,8.519761342608696,7.008915794023244,8.0,11.032281447765826,handwash,
-16.43705448831683,10.133732936197784,-18.59134,19.30982401458067,-4.764310210891093,22.53468789127423,-11.794273,23.032820281996354,-2.240789787465346,9.727831846401056,-4.540957,9.98257738780239,handwash,
-18.60599377425742,5.5558810508565735,-19.770885,19.41779643983769,-1.8518599742574295,22.051878785661042,-11.6948805,22.12949939202747,-1.7675125593069305,10.812464543555617,-4.6199927,10.955979652817682,handwash,
-17.22320197920793,8.753821933478376,-16.719631,19.320147123136476,-8.311784837623765,18.733803372120715,-13.686339,20.494905610229917,0.6861730743168318,12.392401014588934,-3.859574,12.411383339269731,handwash,
-15.556741457900003,6.992314410320463,-15.5,17.055927579604685,-6.977434213600003,20.67041738276983,-14.0,21.81629535423073,-1.9196441315000012,9.701623361471857,-5.5,9.88971837007803,handwash,
-3.5024036831521737,2.5340634212307482,-3.0,4.322997684775878,-4.255702430543477,6.51223648561473,-5.5,7.779474739460587,3.504199927173913,5.972960820867744,6.5,6.9250038337337205,handwash,
-1.650239613168317,4.690879166850931,-1.8968555,4.972689226049222,-10.54981201089109,2.560001931281807,-10.667417,10.8559727041527,3.34409935871287,4.804644845651107,3.3518298,5.853854509106421,handwash,
-2.8683646031794128,3.013067882479622,-3.0,4.160059321836989,-9.647244337254904,1.9022507882206887,-9.0,9.83299961171478,1.9962135685166666,3.828732745086051,1.0,4.317877145591826,handwash,
-4.283193065700001,3.1405485635948986,-5.0,5.311194603698734,-9.05410789,2.1006715671910503,-9.0,9.29460546322248,3.817816855400001,5.044391012396425,5.5,6.326263211985585,handwash,
-2.081639517524753,3.4732189524001686,-1.7950672,4.049255854133251,-10.415086361386141,2.3352295720239256,-10.472223,10.673674206625694,1.2441059361386146,5.151319802055331,1.0095007,5.2994240520440234,handwash,
-3.572574790891089,3.2701475485624236,-4.684658,4.843258781634463,-9.768620656435642,1.684732576189772,-9.569301,9.9128337715618,1.7181064092673266,4.621874480764611,1.5867004,4.930883627658292,handwash,
-2.5230591545098036,3.1214334140904243,-3.5,4.013623556806983,-9.621251295098038,1.8445865193102005,-9.0,9.796477729809151,3.777286294117647,3.8888935351042453,4.5,5.421382173865316,handwash,
-1.1752600332399994,5.618730609057664,-0.5,5.740328370650308,-10.215297185000003,3.3782561096707338,-9.0,10.759410342597619,0.49234418408999936,7.728656605638565,-0.5,7.74432280599717,handwash,
-2.587771202719801,5.166259363552009,-3.297942,5.778130805815554,-9.941619336633664,3.557649791933162,-10.442286,10.559008811274404,2.1519843284158404,5.942799840528732,3.0476623,6.320435625361252,handwash,
-3.9519126465346535,3.8066573117400946,-4.1194334,5.487098819491484,-9.547792804950499,1.879247795587849,-9.178912,9.730977326224034,0.8052482544554456,4.839601875033453,1.6561561,4.9061360621298356,handwash,
-2.138823551782178,4.1760208720037095,-2.2632935,4.691877716764234,-10.407664024752474,2.556060790056292,-11.3080845,10.716945330391026,0.8647680603960393,5.219803489253082,1.1747571,5.290951924247636,handwash,
-4.475556394851488,1.7284346151980423,-4.3050475,4.797717297060222,-6.011700597425745,6.214821844316114,-5.9216857,8.646649907893675,4.075730420158416,3.523486433375382,4.8726673,5.387627966367487,handwash,
1.0669168138709684,4.430438948371542,-0.76281375,4.557093455588564,0.47493493275268805,2.6732467182194837,1.3076806,2.715107954910825,7.972234563440861,2.7119565946691657,8.394544,8.420880744072479,handwash,
8.371909341584162,1.4287874526502664,8.454419,8.49295588170308,-1.2988593949207916,2.3281717955157393,-1.5112573,2.6659744254604147,3.8043225076237626,3.2240054162560456,3.754193,4.98669035193294,handwash,
8.766922024534313,2.4053747962387466,9.5,9.090915778657587,-1.2679984751568625,3.031334297394293,-1.0,3.2858496246114313,3.378022404529411,5.526623501975132,2.5,6.477237273567068,handwash,
8.950575411764705,2.242734457944233,9.5,9.227277932875836,-0.411931615107843,2.3517160493421225,0.0,2.38752089671665,2.681717468725489,5.141719932005415,1.5,5.799042372775805,handwash,
-2.724540734408602,0.32116511837558126,-2.7566674,2.743404681543167,-0.7767846677849461,0.6385565304391047,-0.676593,1.0055589802056353,8.218367811827955,0.8788238953256985,8.596923,8.265222376287605,handwash,
-3.6297825326732664,1.428993917570135,-3.7386255,3.9009415339059355,-5.0110448108910886,2.0760650243659393,-5.144502,5.424077440648692,8.216280504950495,1.8973256310689326,8.693921,8.432503180333864,handwash,
-3.0360629363725478,0.9434368992655238,-2.5,3.1792689940473506,-5.052364175784313,2.779041071331926,-4.5,5.766233869771361,7.639994911470589,1.9795453753473125,7.5,7.892282441750004,handwash,
-2.5904291790999996,0.8929081808236927,-2.5,2.74000152396209,-6.686966405000003,2.702206172266884,-6.5,7.212311550330855,6.407790934899998,2.392176359602292,6.5,6.839758212161208,handwash,
-2.6038293066000007,1.2103002665404483,-2.0,2.871367930638098,-6.7837490999500005,3.733540984140395,-6.5,7.743292589804963,6.503531870600001,2.865467997829931,6.5,7.106815998638026,handwash,
-2.340436258709677,1.4398072010775234,-2.3339465,2.747851280065507,-4.617121231215053,6.967099493917948,-0.70533323,8.358126812981995,6.067975135483871,3.405182344800225,7.060518,6.958131146090138,handwash,
-2.6275280241,2.342474360689565,-1.5,3.520097959989016,-8.344379791,5.880972745863642,-6.0,10.208551049685758,3.4429603031,3.0083158517285074,2.5,4.572082666847075,handwash,
-2.359857365215686,3.3378712724139263,-1.5,4.08782477796797,-10.00758906960784,5.505082742832342,-9.5,11.42181137086254,0.9675526692156863,1.0376111815451854,1.0,1.4187301123800802,handwash,
-1.4268211582323527,3.2470349118198354,0.0,3.5466962565402116,-9.770869654117648,5.304638788513349,-9.5,11.117962334634768,0.5099160970068625,1.8325861616066335,0.5,1.9022056843829602,handwash,
-2.34624820141414,5.2307469830359175,-1.902843,5.732852224083438,-9.306199225747473,6.77912067936606,-8.672366,11.51354946203435,1.1877482397070704,2.362134608550934,1.8980529,2.6439413363086026,handwash,
-4.4888846795698925,3.116824283387292,-2.8644433,5.464858578224145,-3.654477894623658,1.7981866528934947,-2.8931837,4.072920809558819,7.066144641666666,3.2143195069849075,8.686736,7.76287639924392,handwash,
-7.0385592520792075,10.397039075714634,-7.604187,12.555466454376226,-6.979620472574259,16.17017351284855,-8.110734,17.612200696585486,2.5421828177227725,4.454442106892356,1.3591735,5.128815454116135,handwash,
-2.8414750733000007,13.025962884878885,0.0,13.332279987700062,-1.5951069867200005,16.961195729068216,-1.0,17.036036125191945,0.7085785055800001,3.5111055936964233,0.0,3.581891398221936,handwash,
-6.468319387326733,11.939659341085004,-6.525231,13.579198094056414,-2.131520124059407,19.11537058725268,-2.3950195,19.23384440841911,1.3409501083207924,3.510180357350863,1.1172767,3.757594088527575,handwash,
-4.652076455742576,8.31728641975808,-5.3552637,9.529903920731133,-3.420906016930694,15.959859256995342,-2.3195765,16.322368255855906,1.1424124630099004,6.233935233447993,-0.8813672,6.337748395957718,handwash,
-6.086159560792075,14.331754614263948,-10.002799,15.570501871259545,-3.3161061972277235,19.467538059952172,-2.941084,19.74795175270028,1.7960630620920786,7.128875463885267,-2.1710851,7.351646611650818,handwash,
-5.129776046336629,15.908777213067223,-3.984115,16.715375996386555,-0.10772853637623714,17.73559352102244,-0.94842774,17.735920697287835,4.69253098809406,9.54364475577305,0.7688013,10.63489550012681,handwash,
-5.305123882,10.036002205307907,-4.0,11.351902028660747,-7.916892796000002,11.193613999736113,-6.0,13.710367825789538,2.8595096129,3.704566009307837,2.0,4.679808173802265,handwash,
-3.71915294804348,0.9132144940184861,-3.5,3.8296291417088857,-5.381101232467392,4.6369615942563955,-3.0,7.10335577742456,5.267103539369565,4.018545350089301,7.5,6.625034824449132,nonhandwash,
-4.758062007029704,3.913592932493054,-4.0415955,6.160792457468365,-8.249585523366337,5.78542454157843,-8.310718,10.07605073595967,-2.875813765148514,9.838761039751592,-3.2727942,10.250440166605113,nonhandwash,
-6.046037117821782,2.283329022863989,-6.365962,6.462828812271895,-7.694865815148513,4.847997831859351,-8.26162,9.094726103124502,-2.1427480613366336,5.28013958354918,-2.8476782,5.698354435810814,nonhandwash,
-5.458925335049505,3.1978198996345917,-5.5097423,6.326603980347145,-6.85417833762376,4.283010855259236,-6.357579,8.082322851149865,-4.471975705831683,5.259468508748574,-5.2235374,6.903663933598359,nonhandwash,
-6.398282843465347,3.050903216711832,-6.4306273,7.088443678461843,-7.2320460627722785,7.424915180130504,-7.677235,10.36493394509547,-3.0124365407920792,5.960650272673247,-4.030818,6.678632014523556,nonhandwash,
-4.982695846831681,3.3818259961108827,-5.245093,6.021960226537956,-7.964886478217821,3.8512906466861585,-8.101153,8.847138308862892,-2.5098619085277227,4.644013713175118,-2.701582,5.278851216698288,nonhandwash,
-6.539731284158412,2.362328049675347,-6.3348265,6.953321442539762,-6.925376848019798,3.8851217198731542,-6.1252623,7.940718812885823,-1.413061559435644,4.949057239010119,-2.1698878,5.146835000828487,nonhandwash,
-5.114742033663366,1.1165984465381062,-4.870272,5.235205646556224,-7.287783575247523,2.669947257858829,-7.09285,7.761469435576969,-0.4503703570297038,4.988009506330884,-0.69575316,5.0083003398097405,nonhandwash,
-5.689748319801981,1.6416720693742894,-5.8246875,5.921851325899117,-7.24570475950495,3.117359360184545,-7.2413416,7.887849316666925,-4.063980598891089,3.0905960830263077,-4.0188427,5.105655928142903,nonhandwash,
-5.2345523385148525,2.4825165244323,-5.5289025,5.793395073592922,-6.51993083029703,6.908044550812038,-6.75635,9.498977710672952,1.791984434158416,4.8210178733088656,1.3663586,5.143288981481557,nonhandwash,
-5.528819588316831,4.56213246538372,-6.382727,7.168047061219954,-7.468904040356439,6.087452324555124,-7.3934255,9.635434778347282,-3.0037694807920774,7.120540567113514,-4.2487645,7.728177602879423,nonhandwash,
-6.182505800990098,2.6901045714352554,-5.9372535,6.742406142063313,-6.891526420204949,4.893463259766021,-6.5180454,8.452166531432209,-3.9810915746534636,4.541349250262578,-4.763694,6.039283329885864,nonhandwash,
-5.228315770297033,1.4413717254457656,-5.285808,5.423360419965755,-8.080499457623759,3.8036579396317935,-8.062833,8.93097336276298,-0.9425468831089107,3.9108840337671813,-1.5567627,4.022860742361508,nonhandwash,
-5.315805136633663,3.5865889600133976,-5.461842,6.4125973379552565,-3.9345546768316813,4.12022341230796,-4.099076,5.697101146399699,6.389947697425743,4.028420714571359,6.8581386,7.5537808433541525,nonhandwash,
-3.942665698817203,0.9070785155469895,-4.3493557,4.045664870697608,-7.459713249462366,1.705916135256172,-6.7324,7.652285385734884,3.8533031672258033,2.946290970665488,5.457052,4.850626328875212,nonhandwash,
-1.7009262965346539,2.998437449679154,-1.8285974,3.4472855126724737,-8.817347421386136,3.263810015735835,-8.29036,9.402024854691799,-4.4160010903960405,5.211141287262048,-2.8105555,6.83059727594785,nonhandwash,
-3.6334580940594057,4.2468124366291145,-4.439169,5.589045857138185,-9.30664279910891,6.052008787845537,-9.040001,11.10136976045593,-2.0596219045148505,9.136137038649215,-2.2465284,9.365417362751936,nonhandwash,
-5.317879989405941,2.602753978597821,-5.261858,5.9206567080714025,-7.146157354653464,4.3193310279550765,-7.003037,8.350100925529182,-3.5741634993069296,5.9832773557463765,-3.578159,6.969523128275369,nonhandwash,
-5.9584054514851434,1.6712507641754413,-6.239026,6.188349912621694,-7.091771384158418,2.831419252765436,-6.916816,7.636108717802476,-4.820036073069305,2.800251697521999,-5.1792297,5.574419908399818,nonhandwash,
-5.4880331168316845,1.9011682564709866,-5.788762,5.808007251274243,-6.44643218930693,3.53996699279866,-6.2354336,7.354444525688976,1.4227245791089118,5.0131314757495735,2.5710535,5.211106640738772,nonhandwash,
-5.6463055039215675,1.2535622180540158,-5.5,5.783786309862037,-7.201037133333333,2.4282055300377787,-7.0,7.599415628306668,-4.269051875686276,2.788179010961683,-4.0,5.0988965585181045,nonhandwash,
-4.939272734,1.4953469213147061,-4.5,5.160666386807156,-7.236060533999998,4.930414505132396,-6.5,8.75611553396438,0.39895036707000087,4.496104147905471,0.5,4.51376936763478,nonhandwash,
-6.179660232673268,1.8531359918907195,-6.1791506,6.451535754820261,-7.146939845940595,5.475867286772995,-6.927594,9.00354772874804,-3.8605106563366327,4.124053461020121,-3.7134778,5.64901402698212,nonhandwash,
-5.049424423861387,3.011397852524105,-5.3684363,5.879217978479339,-6.880096728811879,4.183990397732207,-7.026987,8.052422408575152,-2.3576951440594054,5.13030954083158,-1.968706,5.646131629449392,nonhandwash,
-6.285479779207918,2.598223192640183,-6.2941113,6.801324857232227,-7.492296899009901,6.7048301572580105,-8.672366,10.054315504328967,-3.812373099009901,5.727020909840425,-4.580475,6.879895140756418,nonhandwash,
-5.01119897939901,2.7414416495889724,-4.799619,5.7120589570863824,-6.110074217524752,4.059187617021581,-6.4174547,7.335530727482644,4.513366873168318,3.845486227482769,4.975653,5.929438831590457,nonhandwash,
-6.316840302970297,2.6851821281803416,-6.4869103,6.863867311853354,-5.4556647823168305,3.5573597419350844,-5.726492,6.5129936703909515,-5.382877537623765,3.3654177635778204,-5.442682,6.34833894089309,nonhandwash,
-5.6780222166336625,2.760813050374756,-5.4905825,6.313638015574303,-7.162377028118814,9.21407603590572,-7.6712475,11.670425951454222,-2.965188310990098,4.924547001890786,-2.027384,5.748348014296266,nonhandwash,
-5.916426144411766,1.9142536476273857,-5.5,6.218397329676981,-7.267839399313723,4.235467975503112,-7.0,8.411936667957585,-3.096396305686275,4.039342726985438,-2.0,5.089593279223572,nonhandwash,
-6.427971608910888,0.7369210307591186,-6.3551846,6.470075085386533,-6.991583674257426,1.348964127953897,-6.7216225,7.120529930605543,3.239607748910891,1.1698733333952998,3.2955468,3.4443667027470983,nonhandwash,
-5.339435213762376,5.4655451029465745,-5.6821837,7.6407952252569205,-5.480599093326735,5.370587077662958,-4.172124,7.673341643673517,4.853673072336632,3.573835457706294,5.5935683,6.027473946180479,nonhandwash,
-4.353076739784947,0.35760580183096224,-4.435576,4.367740721695817,-7.221241435483873,1.7041966844361651,-6.907236,7.41961011164282,4.168364110860214,2.66684982007687,5.8175025,4.948469189916364,nonhandwash,
-3.7436171030197993,3.2323715794108137,-3.3745825,4.945997881257647,-7.637326041712868,4.890086976686262,-7.8424916,9.068720952095846,-4.669351407326735,8.343996679188912,-5.2259326,9.561648558037454,nonhandwash,
-5.389932191485151,2.0950399580127663,-5.5636306,5.782781463489521,-7.23336216861386,5.7613814013938764,-7.812554,9.24743445041172,-1.7216989010693067,5.891426103811115,-0.9460327,6.137845602702163,nonhandwash,
-5.884207270990096,2.6817694983860516,-5.762417,6.466512417868422,-8.348350427465347,3.257044076362958,-8.749006,8.961210352130559,0.05713664217821771,4.9120873873798265,0.8562195,4.9124196784411,nonhandwash,
-6.347121875247522,1.012902631165,-6.5360084,6.427435557006124,-7.303766161386134,2.1223662322233334,-7.012617,7.605881839990095,-0.25636196035643627,3.074776614677967,-0.5029541,3.0854452976658493,nonhandwash,
-6.121646425490196,0.7340454152141573,-6.0,6.165498976588498,-7.483848975490198,1.2583886005581943,-7.0,7.588908838427331,-2.796643173970589,1.5444136144792382,-3.0,3.1947498266851992,nonhandwash,
-6.565629065686275,1.0946080242521896,-6.5,6.656249075488517,-4.675230761245099,4.7098173134378705,-5.5,6.636276199560377,1.0242935051960782,4.855587624963224,0.5,4.962449835361851,nonhandwash,
-6.872738366666669,0.7092588373984999,-6.980284,6.9092387970803175,-2.500460870333333,3.3049871325221023,-0.93884766,4.144302656684813,5.3726456858585845,1.4704383365001445,5.706134,5.570234336832176,nonhandwash,
-5.99837337745098,0.2760675111944728,-5.5,6.004722845065357,-6.903561560784317,1.1250300106073967,-6.5,6.994630422567445,3.054882630980394,1.4323773167573808,3.0,3.374020252847744,nonhandwash,
-5.633744588000001,0.6969600096585905,-5.5,5.6766919361440245,-7.0654752440000035,1.7667674515685055,-6.5,7.283021876357279,-4.5909171238,1.3356378331141532,-4.5,4.781260132940471,nonhandwash,
-6.101300400990103,1.1477711524257024,-5.9073157,6.2083206426104125,-6.995437083762379,3.797422795981801,-7.113208,7.959683403523036,-1.014741314752475,4.221016815639381,-1.6034656,4.341276643313115,nonhandwash,
-5.550848988316832,2.273114085600876,-5.3684363,5.998247422143829,-8.004700651980198,3.421175309421095,-8.084389,8.705152096638214,-1.4360513466237628,3.5445392749098037,-1.8046472,3.82439565703106,nonhandwash,
-6.92643203762376,1.3756513722635961,-6.7994604,7.061719158238422,-6.76665341455445,3.778519080975869,-6.5575633,7.750148700379894,-0.9795511366831698,3.899642982423197,-0.9783655,4.0207879600570555,nonhandwash,
-5.357741697029701,1.169982123286739,-5.2043777,5.483999841438842,-7.447159127722775,2.357516166559266,-7.692803,7.81140586253287,-1.8264751084653463,3.49302430307869,-2.642904,3.9417293290815705,nonhandwash,
-5.703845724653466,2.3851098785758156,-6.0330544,6.182443302087579,-7.812387775247523,2.94609265994048,-7.9155397,8.349423016699546,-2.1868899835643565,3.8158053775518455,-3.0859826,4.398051668587773,nonhandwash,
-6.50346208019802,1.8964650988291527,-6.101312,6.774333834381845,-7.229935565485149,3.5314889692845157,-6.918014,8.046327275300529,-0.0026321465445543974,3.6266990207982173,0.1472937,3.6266999759635725,nonhandwash,
-5.523472289504949,5.505688492736962,-5.5540504,7.798804518128743,-6.9221993050495065,5.2692914893898894,-7.0257897,8.699556081719603,3.246093302772277,2.7090676901615804,3.4081128,4.228021934685347,nonhandwash,
-4.288341143137252,2.2413919969349205,-4.0,4.838771315514678,-4.23812795098039,2.538000336689756,-3.5,4.93995690648396,7.395996439607845,2.7153189762554444,7.5,7.878687738291498,nonhandwash,
-4.042973249462365,1.0521096846019438,-4.2727146,4.17762701593877,-7.056345573118282,2.580493645054578,-8.170609,7.513385408684488,1.8526892469892473,5.258073781575631,3.6380346,5.5749257697661445,nonhandwash,
-4.921599138851484,4.242325933508219,-5.3947816,6.497650914727572,-7.557436674158419,5.580065286826095,-7.2341566,9.394252375210929,-3.7689308062376248,9.787223403843264,-4.143384,10.487830155897088,nonhandwash,
-5.13509972475247,2.062264054105532,-4.970863,5.533731310066356,-8.557784217029706,4.216537816028058,-9.222023,9.540170955451341,-2.4341223584089113,3.7282615846024547,-2.2094054,4.452514581551482,nonhandwash,
-6.197887886274512,1.9861434500387614,-6.0,6.508346952564851,-6.838496836470588,4.011360732983662,-7.0,7.928180996454448,-1.0490303133333339,5.035492633960127,-1.5,5.143602887564214,nonhandwash,
-3.7085575697826094,1.8355871302887021,-4.0,4.137968023229928,-6.774052370652172,3.830774728824638,-5.5,7.782198952952812,0.6746145188369554,6.374902946010123,1.5,6.410498601518776,nonhandwash,
-4.833078995980392,4.440444613190998,-4.0,6.5632462199892965,-7.938221826725491,6.077716938437229,-8.5,9.997700183245538,-2.844825361372549,10.618054320864475,-3.5,10.992547880156687,nonhandwash,
-5.514819864100002,2.1924653437780033,-5.5,5.934656048764709,-7.692910541500001,4.169319064839903,-8.0,8.750091088894978,-2.2929437941,5.174958958585402,-1.5,5.660193589087305,nonhandwash,
-5.4260576509803915,3.721165842560708,-5.0,6.579451106255247,-7.663334555519608,5.208890650796989,-8.0,9.26602602639239,-2.765730980686274,6.455215727694183,-4.5,7.022754299318623,nonhandwash,
-5.233381122999999,1.8814266378579707,-5.0,5.56129878465582,-7.801704253200004,5.309889186697437,-7.5,9.43724072117509,-4.215102616700001,3.67460432400296,-4.5,5.591941255708293,nonhandwash,
-5.383636392079208,5.831587080633969,-5.603148,7.936683733218597,-6.839191706633662,5.307269713205873,-7.0653076,8.6568848328252,2.513075007772277,5.178161711454207,3.8440063,5.755771425678751,nonhandwash,
-4.557461826630436,1.436101794756339,-4.5,4.778372805264989,-6.7619211445652185,3.4396740102981678,-7.0,7.586496876848948,-0.08510130348912988,5.247326769661497,-1.5,5.2480168120406905,nonhandwash,
-4.999781160297029,4.0411531430838075,-5.070256,6.428742519087015,-8.000633886930698,5.793609527823439,-8.744216,9.878059219988014,-2.6234118897029703,9.78199989364584,-0.8466394,10.127675540928536,nonhandwash,
-6.338834176237624,1.626067338840749,-6.389912,6.544074701917968,-7.449933513980197,4.199364813635764,-7.9287124,8.551969024775959,-2.7567623114851485,4.373604089967694,-2.5435107,5.1699275795514845,nonhandwash,
-5.189912421881188,3.830435804135936,-5.2702403,6.450382112433587,-7.675575252237624,5.831125221416903,-8.817265,9.639319312099119,-3.0149264738613866,8.089801458665804,-4.8594947,8.633346354885893,nonhandwash,
-5.904090717524754,2.5018215077669628,-5.936056,6.412284932649775,-6.911552156396035,5.732047340868535,-6.9503465,8.979193723744952,-2.5533635155445547,5.920356850503801,-3.8487964,6.447502654502853,nonhandwash,
-4.897281403762379,2.2671746662264955,-4.9109874,5.396614319628188,-7.205866795841586,4.829277414691865,-7.545509,8.674470394638808,4.082583479316831,2.731687144721655,3.8272412,4.912189178179957,nonhandwash,
-5.991010952000002,2.679297943043407,-6.450985,6.562838539426411,-6.89187026559406,6.009500314564042,-7.2724767,9.143958102951087,-0.515735455144554,5.761377448787252,-1.104104,5.784414678002215,nonhandwash,
-5.606930433663368,1.9952751400173785,-5.3852015,5.951368899027502,-7.832342306633661,3.559120836178658,-7.7598634,8.603076608679281,-1.9938300267326732,3.4925296969983797,-1.7902771,4.021582009597269,nonhandwash,
-4.838970963712872,4.527787929261693,-5.0989966,6.626952808042634,-7.735201654653464,5.650866298816092,-7.763456,9.579438113232383,2.1425702660396033,4.862587164855781,1.783092,5.313695633054006,nonhandwash,
-4.5088195129347834,2.8758342625496716,-5.0,5.347885199392005,-7.098421301195654,4.158825227467593,-7.0,8.226992903964915,-3.7874110375000005,6.723433532666273,-4.5,7.716802500722569,nonhandwash,
-5.231826270696079,3.6795555179286996,-4.0,6.3961812776269245,-7.375955751745099,6.205114733618257,-8.0,9.638888530793785,-1.7084120656862745,8.385223060544595,-2.0,8.557490143802172,nonhandwash,
-4.6286361267326726,1.8429051034346615,-5.022356,4.982024850797149,-7.353184205148513,5.4682493914421055,-6.6581545,9.163572958287206,0.2670091426732684,6.792825382123587,2.1483326,6.798071090706066,nonhandwash,
-3.142633192574256,2.7726222224397077,-3.4428406,4.190892192771842,-7.985919935346534,4.124305285425052,-8.259225,8.988037121705172,1.8115595643069302,6.285003004246077,3.4548156,6.5408723285517585,nonhandwash,
-4.261344434207921,2.3035609081108666,-4.3385777,4.844114908250154,-7.60840793653465,4.1360466116432635,-7.459288,8.659951091225011,-4.3527938510891095,5.627884409491321,-6.546786,7.114766140687592,nonhandwash,
-3.3340450590594077,2.6049840978744103,-2.4884253,4.231051713937919,-7.869761456930695,4.5434264901362145,-7.4688683,9.087126589866752,-2.711671983207922,6.969066741266996,-3.1925611,7.478038258042584,nonhandwash,
-3.8530291599009905,1.533507618917252,-3.8990917,4.146984365092855,-7.422758375346537,4.272003788514453,-6.7755103,8.564307226382,0.43371195485148467,6.2691514519859055,1.6908838,6.284136057384348,nonhandwash,
-3.6952898664356417,2.757170810686665,-3.2153137,4.610548565657294,-8.316017626831684,3.8595372129189185,-8.863967,9.167997418612266,0.3652523400000008,6.597996517992229,1.3424084,6.608098616342909,nonhandwash,
-5.210472750000001,1.737421042987983,-5.0,5.492509277107325,-8.463244558000003,2.803365241546533,-8.0,8.915456529310648,-0.7177155011000003,4.204737561966922,-1.0,4.265551957898854,nonhandwash,
-5.537907404901957,1.4870243694849827,-5.0,5.734078818843545,-4.178992051088238,3.8013994246843423,-3.0,5.649301916967187,4.618501654803923,4.167578231651549,5.5,6.220873399480366,nonhandwash,
-4.981532856299998,1.8588548536092815,-4.5,5.3170490843308205,-8.354750202999998,2.7301537863061194,-8.0,8.789515950916192,-2.4884612010600002,2.9869519869565844,-2.5,3.887714151215964,nonhandwash,
-5.647878701960784,1.1975561377108508,-5.5,5.773445638007789,-5.596057073568624,3.796097505593309,-6.0,6.762115870244254,1.9749753795098033,5.355367780619816,3.0,5.707932359039543,nonhandwash,
-4.359845660499998,1.7740392344030362,-4.0,4.706959675691094,-7.890511560000002,2.1872982879581713,-7.5,8.188067322573648,-0.5629014340999996,4.551214881873159,-1.5,4.585893034676621,nonhandwash,
-4.122568256666669,1.6133386190326244,-4.0,4.427011467179382,-7.203678671568629,1.7012516161072444,-7.0,7.401840545737273,-5.275875812160786,3.171054271951075,-6.0,6.155521974699008,nonhandwash,
-5.594346492500003,1.8273886434812836,-5.0,5.885241025860489,-7.339896600699999,4.502661971898933,-7.0,8.610926021175201,-1.8715041806000001,4.720012417281731,-2.5,5.077503827403482,nonhandwash,
-4.11323261089109,1.21860748630223,-3.8907092,4.289951831544238,-8.516310045544554,2.3206613592912326,-8.632848,8.826834423299811,-1.6652144185148519,3.2906140854270665,-1.726809,3.6879642241812443,nonhandwash,
-3.889429536078434,1.6694870769466468,-3.5,4.232593674830026,-8.127087881372544,1.574056504882409,-8.0,8.278116410882078,-4.627929085098039,1.7593511712164716,-4.5,4.951064952144857,nonhandwash,
-5.118252517199999,4.3136732325873774,-5.5,6.693600345655914,-5.466572213999999,5.751625808970439,-3.5,7.9350243362759585,4.3818678511,3.89418422177302,5.5,5.862204075056555,nonhandwash,
-4.004225342065219,2.4662982946535066,-4.0,4.702812761342738,-6.776798916195654,4.103059400975693,-7.0,7.922127239478397,-0.18117544076086922,7.022654116489063,0.0,7.024990774383672,nonhandwash,
-6.285041088118811,2.3774871079938906,-6.0342517,6.71968648286651,-7.167119662376236,4.789067551516166,-6.394702,8.619905583462334,-2.60150109782178,4.529259850265071,-2.2417383,5.223217662819644,nonhandwash,
-5.061269124752474,4.963824980342391,-6.0593996,7.089146887224432,-5.5006958871782174,5.890379886035745,-3.8284388,8.059418741139705,5.174890288910892,4.65078183617455,6.382727,6.957676421762899,nonhandwash,
-5.431311973118283,0.91346862302743,-5.356461,5.507592457198845,-3.0487053460784934,1.8311966746101167,-2.5758436,3.556386585891746,6.982190116129037,0.7402600827236075,7.066505,7.021322084041147,nonhandwash,
-5.988034964356436,1.230028792696828,-6.2150755,6.113062535686871,-7.7468329467326695,2.931901861585735,-7.940687,8.283083316649225,-2.582329033762376,3.348199465927406,-3.3506324,4.228340443040118,nonhandwash,
-6.028216219999999,1.118155034646662,-6.0,6.131040815112615,-7.118991967600002,3.471318736001677,-6.5,7.920233607771275,0.37320391489999977,3.4507189089394856,0.0,3.4708417063601726,nonhandwash,
-5.202581168627454,0.7869675601766779,-5.0,5.261764794907445,-7.147665714705879,1.4165031994577755,-7.0,7.286673210955469,-4.898624999019609,2.3933188757498356,-5.0,5.45201816963593,nonhandwash,
-6.0600460730000005,0.9612253560797034,-6.0,6.135805781806762,-4.5584766398,3.4146432921407572,-3.5,5.695568284918033,3.418806552169999,4.698182200813755,5.0,5.810434943548004,nonhandwash,
-5.579667609803921,0.7936481096024196,-5.5,5.635828950364846,-7.029006635294117,1.462076411323561,-7.0,7.179456923163305,-4.457859252941174,1.2771302242445295,-4.5,4.637194273341603,nonhandwash,
-5.713450839200002,1.8173619246686807,-5.5,5.9955254029309755,-7.535916986999999,2.5884381364367006,-7.0,7.96806481029836,-1.9970151957,3.20027333204136,-3.0,3.772243243963971,nonhandwash,
-4.789362192793478,1.948220490841734,-5.0,5.170450008915584,-6.751742265217394,3.971346151033582,-7.5,7.833110101821123,-1.5191062389130432,5.979840858736005,-2.5,6.169779612021251,nonhandwash,
-6.485748483306932,3.09521297282578,-7.010222,7.186464828820017,-7.119776474356434,4.556237414674087,-6.764733,8.45284073100135,-4.335957578782178,5.936525743543997,-4.9061975,7.351385313582688,nonhandwash,
-6.296518081372553,1.2418089943389057,-6.0,6.417805662956182,-6.5663921622549,3.519335938862808,-6.5,7.450049092394893,-0.2901730448529409,4.5380781076143615,-1.0,4.5473457430426345,nonhandwash,
-7.0186166168316815,0.5006065865873289,-6.980284,7.0364469847075855,-6.485084519801983,1.3093033184659078,-6.3671594,6.615935036615846,-2.054737064356436,3.214203079499746,-3.4943335,3.8148454542623025,nonhandwash,
-6.532403956435643,0.7254284639184102,-6.422245,6.572560224624728,-6.234923543564356,2.256503799375419,-6.321654,6.630692346255315,0.5993121468316829,3.902125968962736,1.341211,3.947880713369311,nonhandwash,
-6.501738402941176,0.847916162599793,-6.0,6.556795259810853,-5.965277509019604,2.3896204685844937,-6.0,6.4261047099695725,0.10169441025490195,4.866329091564415,0.0,4.867391558163699,nonhandwash,
-5.740446858415842,1.54367575936791,-5.527705,5.944380958885155,-7.554211704950494,2.421540250201558,-7.476053,7.932841336277771,-1.128552193267326,3.0068295604849,-0.92328,3.2116435136444252,nonhandwash,
-6.776897461386136,1.2842330193814637,-6.822213,6.897506335641273,-6.8458787762376225,2.702482398687772,-6.956334,7.359990987369342,-1.6100341023366325,4.422220534768464,-3.1374755,4.706192119836889,nonhandwash,
-5.613344793069308,1.0305749617502287,-5.229525,5.707164314934762,-6.99102645881188,2.8606828428814075,-7.401808,7.553671774399774,1.6682971035049508,2.9704315272409203,1.5914905,3.4068575966115513,nonhandwash,
-6.449524136299999,4.325155889657152,-6.5,7.76552220102114,-5.6917399508,4.890053326003058,-5.5,7.5039006655663005,2.67260228506,5.686358494487493,3.0,6.2831103684352065,nonhandwash,
