-3.4689821551154814,3.6933713524222638,-3.0,5.067033564069131,-6.895179144238574,3.357701456423235,-7.0,7.6692668816262595,-3.480686747144164,5.577593714812612,-5.0,6.574551838662629,nonhandwash,
-5.5945196061881175,0.9605884923528166,-5.5,5.676387925050923,-3.5768045579190617,4.212791122396736,-2.0,5.526403883765217,4.92914286639604,3.4672561352277707,6.0,6.026467829883237,nonhandwash,
-3.60869265391548,3.3699112272122056,-3.5,4.937505883511884,-6.990964750989848,3.3800356661505946,-8.0,7.765193446014899,-2.6770847637563455,5.3064188348389925,-3.0,5.943472359073472,nonhandwash,
-5.876135852679903,1.9889188648499063,-5.9073157,6.20360949851826,-6.3751200260049625,3.074207904725733,-5.8510327,7.07763446268933,0.49397724006203336,5.477704991349682,0.4921765,5.499933225590697,nonhandwash,
-4.493480198821118,2.8316370840963665,-4.946913,5.311264715039841,-7.071112363485993,3.185607295272137,-7.2904396,7.755560837021122,-2.6029870448422394,5.652130531308139,-3.9721398,6.2227101088321755,nonhandwash,
-4.01239323054061,2.8013514857529827,-4.0,4.893553880690244,-6.8767302183223356,3.9696493465371243,-7.5,7.940247756213286,-0.8041338868332482,5.979501516614426,0.0,6.033329901070199,nonhandwash,
-5.162535908213401,2.165295084337548,-4.8379393,5.598238991490905,-5.670832764615379,3.238089806334213,-6.1611876,6.530204425446487,2.2641522144416864,5.549982935228558,2.8955786,5.994055040745737,nonhandwash,
-4.0487987561065975,3.60336991890894,-4.5,5.420059606678523,-7.119915888502532,3.655811518968115,-7.0,8.003634182143182,-2.021779448349493,5.641341150150725,-2.5,5.992689055019647,nonhandwash,
-3.8611635584677666,3.2862892711137177,-4.0,5.07033344058126,-7.156373043578685,3.536290841684358,-7.5,7.9824199373272915,-2.7019467488172593,5.573180514082838,-4.0,6.193614233708527,nonhandwash,
-5.477275951017368,2.1681939465457614,-5.2870054,5.8908078251994365,-4.9151714101315145,4.211571553447004,-5.2319202,6.472730871956457,1.6709391508759321,6.191328770966677,2.943479,6.412845670693291,nonhandwash,
-3.335037358598986,3.782351131465726,-3.5,5.042683240592352,-5.68239963251269,3.869099966559859,-5.5,6.874561814022319,0.2220529763705578,7.174204721508957,1.0,7.177640344182512,nonhandwash,
-5.101650119841191,1.9118853719251905,-4.91458,5.448131755075051,-6.267213423598009,3.8622450130268087,-6.377937,7.3617185926641895,0.6844377564409423,5.992283318307241,0.86699706,6.031244847401336,nonhandwash,
-3.958362451680201,4.030031751781326,-4.0,5.648875040150682,-6.616159395204823,3.958180967102442,-6.5,7.709783506110206,-3.655191885000001,5.499214737911643,-4.5,6.603165184200257,nonhandwash,
-4.5181190187989815,3.8253681983539236,-4.380491,5.920037273616662,-5.948378380877864,4.218157496032664,-5.980364,7.292191578903549,-3.956809941306618,6.499410855574364,-6.3180614,7.609118633664524,nonhandwash,
-5.18253958114645,3.6505086308490493,-4.5,6.339158443677914,-7.037342384548982,3.2943000882102624,-7.0,7.770238150053817,-2.3028994226408637,6.003903327769998,-2.5,6.430412188966371,nonhandwash,
-5.013991633680206,2.9607642722913026,-4.0,5.8229062484889536,-7.0660158012106615,5.034966624847709,-6.5,8.676374139944006,-1.1842581145736053,7.495613490878549,-1.0,7.588589387137365,nonhandwash,
-5.7719166458209035,2.7319715496907824,-5.5,6.385819470876404,-7.346996493507463,4.822469003111198,-7.0,8.78831979172238,-1.842690484438557,5.269993724493317,-2.0,5.5828614596494655,nonhandwash,
-5.6632560470398,3.0581102133849574,-5.5,6.436187313273462,-7.074023828573884,5.370249320363344,-7.0,8.881519627298815,-2.3905631326815913,5.617190841689294,-3.0,6.104721536916689,nonhandwash,
-3.633329739517764,3.2477989853487257,-4.0,4.873323634368687,-8.188210115203049,4.274658221949097,-7.5,9.236854865439348,-1.6049396582842648,7.0082064412428275,-1.5,7.189630646271835,nonhandwash,
-5.528521286815915,1.6323414329913055,-5.5,5.7644675532642955,-6.983221594079597,3.591819340280994,-6.5,7.852805231586747,-1.8597594796094548,4.838914322766194,-2.5,5.183994323402471,nonhandwash,
-5.634512260618609,2.6491146183018133,-5.7348742,6.226197609774509,-6.884011169528537,5.234948773619683,-7.132368,8.648369698655108,-1.4268195094540956,5.890837069693212,-1.6034656,6.061169465889446,nonhandwash,
-6.038913674154234,2.2279144912732085,-6.0,6.436775694733511,-6.750714044736321,5.499290778349337,-6.5,8.707142997484198,-2.1434620504726367,4.808193441708622,-1.5,5.264328422002766,nonhandwash,
-4.840608013236041,2.5237495097961604,-4.5,5.459010672823541,-7.630018605626909,4.269287352246481,-7.5,8.743225858815755,-0.6301150364923864,6.681637039725814,0.5,6.711282924288747,nonhandwash,
-6.479767041293524,0.9496574021625039,-6.5,6.548986951499902,-5.4931530311194,3.746426757860742,-6.0,6.64909344762962,0.7568053111666667,4.2575391487124055,0.0,4.324279579517129,nonhandwash,
-5.833877340845769,1.322099094082135,-5.5,5.981811668934966,-7.255467378009946,2.736825585649748,-7.0,7.7544839389629034,-0.9632714909925367,4.023051740769783,-1.5,4.136766524022085,nonhandwash,
-6.02405499251244,1.7975648027053253,-6.0,6.286531458025089,-7.213906085905474,3.231496870359105,-7.0,7.904619727691182,-1.2617612390671642,3.8103640439560142,-1.5,4.013840501550248,nonhandwash,
-5.100918660313923,2.747480712182719,-4.9672704,5.793791629231662,-7.575589234506328,4.220443263638464,-7.8867993,8.671891004363435,-1.4388125365045568,6.7234310639483255,-0.94363767,6.8756604618660395,nonhandwash,
-4.888174083299489,3.343878567219377,-4.5,5.922480032971821,-7.553861201114205,4.9525680668252985,-7.5,9.03264908552504,-1.8340743542309643,7.619182150516108,-1.0,7.836821127191243,nonhandwash,
-5.294330481345183,3.085662473354209,-5.0,6.127907321848711,-7.474457817939087,4.972850277318486,-7.5,8.9775698021668,-2.1799206312208126,7.3420200773467466,-2.0,7.658806223856612,nonhandwash,
-5.539838070154231,2.3443544719794187,-5.5,6.015463717272343,-7.206467825798501,5.152717825587656,-7.0,8.85910150717317,-0.2641730371358208,5.370376605050709,0.0,5.376870118723862,nonhandwash,
-4.389800318149748,2.973842982855748,-4.5,5.3022720526117855,-7.450322189284261,5.11022941932648,-7.0,9.034475382792923,-0.8041490928807107,7.416113814905242,-0.5,7.459584430731329,nonhandwash,
-3.731722725012408,2.320142558529902,-3.6320472,4.394179785611382,-7.773321143821335,4.204492876003809,-7.6317296,8.837549544378618,-1.468797733583125,6.653555063041256,-1.9806812,6.813747996448127,nonhandwash,
-5.388915777245654,1.6542126489164692,-5.4187317,5.637094352774521,-6.6897768615756865,3.840471462998269,-7.1874537,7.713775697787533,0.7424233731612907,5.170792307670313,1.0154883,5.223819058321091,nonhandwash,
-4.571511401940296,1.7195880217304758,-4.0,4.884229669308053,-7.69237376062189,2.93423416870095,-7.5,8.233003354176187,-2.253409533035821,4.401173616302359,-2.5,4.944510463576012,nonhandwash,
-5.658899254568533,1.0877455518931676,-5.5,5.762493484509948,-6.319717960571831,3.1521264860662863,-6.5,7.06220478925206,-0.20865847974619015,5.18042410359669,-1.0,5.184624601096552,nonhandwash,
-6.179597182870558,2.112617079323875,-6.5,6.530740560334078,-6.726485281624367,3.5649925146223453,-6.5,7.612803417481799,-2.060911270284266,5.249877349239176,-2.0,5.639908460785446,nonhandwash,
-6.389885384615388,1.2132547109461616,-6.4102697,6.504046603627188,-6.677593778709681,2.511420182269451,-6.709647,7.134247683208969,-0.5705524928039702,4.176143870196912,-0.6442602,4.2149386438746745,nonhandwash,
1.3117716533502541,4.482047956912982,1.0,4.6700641064766035,-4.361385296167513,5.552410764061981,-5.0,7.060520306216648,3.7088184271116713,9.216271217778187,8.0,9.934535182127537,nonhandwash,
4.091391681464022,5.262928401730021,5.7516394,6.666175909236831,-9.035169572679898,2.923167173515589,-8.710686,9.496272717829864,-1.6495949951464,11.836423030069419,-2.3363416,11.950818959166346,nonhandwash,
-0.9087103269848477,0.46233647732303573,-0.5,1.0195633754859885,-2.7249727812878786,1.7433340762382936,-2.5,3.2349173652712397,8.981032938636362,0.6932192990165441,9.0,9.007746979206303,nonhandwash,
-0.7689047582469134,0.298990582924821,-0.71251833,0.824990845968893,-2.7842722985185193,0.651362406941783,-2.75547,2.8594484114029046,9.075684045679017,0.19721193162045902,9.096284,9.077826471296197,nonhandwash,
-0.8173935566913577,0.17777945679528,-0.80113405,0.8365032945416135,-2.5858345772839515,0.3536154656402528,-2.5734484,2.609901216256516,9.12838923950617,0.13204314369400522,9.131012,9.129344198776197,nonhandwash,
-0.7627545844197535,0.1820081901238604,-0.75562865,0.7841693294981091,-2.696289331111109,0.2527393895521157,-2.7159522,2.7081088154087887,9.09390692049382,0.13944637533558743,9.090297,9.094975996131033,nonhandwash,
1.0595935258618683,6.12880024719565,0.0,6.219721127998735,-5.37117604891667,9.748461947899619,-4.5,11.130231017283648,5.976462795484847,8.71539769532229,7.0,10.567699112552535,nonhandwash,
1.92209482916,5.631593695807703,1.1244617,5.950571072337904,-4.6973724745654275,7.504715705338297,-3.9553747,8.85359057008829,6.1097125545777775,9.342370031479431,8.303533,11.162816190578905,nonhandwash,
1.5040027175252513,2.561525085066595,2.0,2.9704267262042965,-4.320578956593435,3.540607091167347,-4.0,5.58599150502241,8.04817890579293,3.5355166761212593,8.0,8.790509761486064,nonhandwash,
1.8891500023209857,2.841760896365449,2.4752526,3.412402778597679,-4.1074466862839545,4.079020836609588,-3.8978944,5.788741596077701,8.306433320303706,4.436008756203179,8.077204,9.416740847541831,nonhandwash,
1.76884316094815,2.8666199331188036,2.2920337,3.3684293029522085,-4.523526607160489,4.442359169293853,-4.108656,6.340098418376336,8.051674241591854,3.915847295464633,8.066425,8.953397016446408,nonhandwash,
-0.004956360047222223,0.043608010555231544,0.0,0.04388876951456815,-0.20652809845959613,0.040972737443774436,0.0,0.21055313027113384,9.423137801767675,0.05088675149409413,9.0,9.423275199875075,nonhandwash,
-0.009618516885925934,0.05929725834682106,-0.0119750975,0.06007229573217997,-0.2060722111412346,0.10648660370007562,-0.20836669,0.23195937784925738,9.413228053333325,0.21797981111993997,9.42081,9.415751567565783,nonhandwash,
0.5521371046890864,1.80682322923505,0.5,1.8893029307334022,-7.978114006967007,4.318068807695871,-8.5,9.071715457186647,0.1697546130812183,5.676595415534615,0.0,5.679133044781657,nonhandwash,
1.8256125778432843,4.8449035703282695,1.5,5.177446464248492,-8.709211482412933,7.691379828782686,-9.0,11.619280886354295,-0.6162587983681583,6.696783261812328,-1.0,6.725078509746625,nonhandwash,
-0.8142673354361113,2.7086049718326546,-1.0,2.828351496365827,1.8881281581212113,6.309845820418497,1.5,6.58628743822671,7.292650026691916,2.729569747166964,7.5,7.786738432518377,nonhandwash,
-1.8011640916691354,3.164976429847917,-2.3291564,3.641602378982522,3.4069330189081466,5.893183552600322,2.3004162,6.807114291677899,7.8728342834567915,1.7800536781440681,7.8377013,8.071561853312335,nonhandwash,
-1.5379524353619636,3.1653835125404357,-1.7771045,3.5192258345975227,1.4281616283879106,7.05296948306267,2.44292,7.196111739391829,8.1161993511335,3.4963742925740333,8.495134,8.837269097470804,nonhandwash,
1.0711180515909087,0.06642579951562849,1.0,1.0731757858269053,3.525913280555556,0.09886134024175845,3.5,3.527298970401068,8.60096573106061,0.06333244825496204,8.5,8.601198899332632,nonhandwash,
1.0744767239770368,0.8013496378841617,1.0681787,1.3403960133130437,3.540870789111111,1.8738315816926316,3.5350487,4.006121658378469,8.591981771358032,1.314327945105963,8.600515,8.691927790003492,nonhandwash,
1.0742904453913582,0.8499167943328992,1.0645862,1.3698388658335965,3.526406062612347,1.9141240578222485,3.5290613,4.0124070864211925,8.59410181234568,1.3559319234473297,8.601712,8.700410182398691,nonhandwash,
1.069766518348889,0.9188965172358272,1.0669812,1.4102379987677387,3.526867316435311,2.139058165010189,3.5326538,4.124847015470556,8.607315815802478,1.511540479890133,8.59812,8.739029704452879,nonhandwash,
1.069577281704938,0.8465147841594288,1.0681787,1.3640318329642491,3.5411605642222215,1.9918739928831815,3.5290613,4.0629275338266915,8.603962768888882,1.3762545228504122,8.596923,8.713337583273834,nonhandwash,
3.3226803252810155,2.929326279559448,2.8967762,4.429577518920639,-6.749674336306329,4.644027108655841,-8.243657,8.19299038398817,3.1479924344075974,2.576095866797121,2.7949877,4.067692992596252,nonhandwash,
3.0336607018305233,2.6781833446920538,1.8190173,4.046697824352192,-7.495837672084372,4.353970037934318,-9.570498,8.668600665474731,2.003989509044665,1.744841775800761,1.5364051,2.6571501227707537,nonhandwash,
-5.115232519454549,4.269380021740066,-4.5,6.662822937623248,-8.172148352412124,7.361004577978979,-8.0,10.998563410321346,-3.0517931873113633,9.85291250522235,-4.5,10.314714077166016,handwash,
-5.08415943185,4.400635258413957,-5.0,6.724155545945184,-6.8812833034875,5.5150175891300925,-6.0,8.818587126704035,-2.6370811537450014,6.931583012819018,-2.5,7.416268608608932,handwash,
-4.978084568883249,3.8482090088756427,-5.5,6.292061550155495,-7.279269762389079,4.838723137748104,-7.0,8.740767121792627,-3.648988521903551,7.710873610109777,-4.0,8.53069100741969,handwash,
-5.7545900927419416,2.431452469706002,-6.018684,6.247180824013586,-6.497200660734495,5.003855722390168,-6.5791187,8.200743168539391,-1.3750443198511162,5.997654572742154,-1.6357983,6.153259888505416,handwash,
-5.681171004626866,3.3658059540832412,-5.5,6.60335927421454,-6.804238589079604,4.343763202040898,-6.5,8.072542445383892,-1.1646050629378086,5.800961696586025,-1.0,5.9167103662321185,handwash,
-4.326967508395936,3.9383763522286976,-4.5,5.8509363447664,-8.043466425212433,6.361840053630951,-7.5,10.255260162545996,-2.4171035510692924,8.479209450060074,-2.5,8.816993959087181,handwash,
-6.0870732146766136,2.074838680185228,-6.0,6.430973166607551,-7.110208260407964,4.25615569023949,-6.5,8.286731730056882,-1.0890189558213927,4.912237802912973,-0.5,5.031504995377187,handwash,
-5.397892638213397,1.9398726425767945,-5.334906,5.735882739657104,-6.983089507545161,3.574099692383458,-7.2173915,7.844598630999735,-2.158664388933003,4.956341130362996,-2.3387365,5.406028981107611,handwash,
-5.489426479004978,3.0343110941738027,-5.5,6.2722282232574385,-6.84906774551244,3.9509575769225527,-7.0,7.906945981683483,-1.0798320910820882,5.491870309915134,-1.0,5.59702392757598,handwash,
-4.164644151167513,2.879862128776281,-4.0,5.063384913929974,-8.230742957812186,5.920415841210771,-8.0,10.138858583215082,-2.2178002374670047,8.229338618102158,-2.0,8.52294854992662,handwash,
-3.653137581248754,2.7207370880782187,-3.0,4.554977990064976,-7.93845305952911,5.256420622576011,-7.0,9.520976564396603,-1.7221560878457725,6.739401700782285,-2.0,6.955958372173554,handwash,
-5.214922665761192,1.80018461170965,-5.0,5.516890704564127,-7.355087085955224,3.4703970329568965,-6.5,8.132709364556273,-2.084891316940299,5.224761105849792,-2.5,5.625380024198702,handwash,
-5.629517584734337,3.043056955101232,-5.5,6.39934870661251,-6.505492977550504,5.7113721486754265,-6.0,8.656859170716846,-0.7672801737878788,9.386031970025481,0.5,9.417341185675943,handwash,
-6.2375499734600055,2.614984252243037,-6.0,6.763517746771272,-6.844579626149996,5.040478255711425,-7.0,8.500275954638616,-1.3208083573792502,6.570297823611917,-1.5,6.701742177067274,handwash,
-6.219865721225067,2.4102260889523963,-6.4354177,6.670526170395965,-6.867041012570712,4.449513112852435,-6.716832,8.182568008258412,-1.647719954354837,5.288527865505313,-1.6813037,5.539269629852412,handwash,
-3.6345242095786756,2.9433977720558238,-3.5,4.676896051288366,-7.672417735758883,5.230609700111447,-7.0,9.285756390671,-2.0934415922652287,6.697789368280876,-1.5,7.017327135176352,handwash,
-3.1436681698205975,2.642137796708942,-3.2320788,4.106524284445561,-8.054507096724565,5.457319769231877,-8.055648,9.729204676376963,0.2606738153225808,6.589451780730174,0.71730834,6.594605796297682,handwash,
-4.670550225756219,2.832720399928426,-5.0,5.462448560442662,-6.878293516385561,3.2995102329746464,-6.5,7.628741015072944,-2.859995884900495,5.776638547778599,-3.5,6.445861414375076,handwash,
-3.348529094796194,2.9898309499290217,-3.0,4.489068523407735,-8.399029565472073,6.491743347287523,-8.0,10.61538644274084,-0.5179989526497454,7.870122698739201,0.0,7.8871512099208685,handwash,
-3.831787218691941,2.3353614948223402,-3.742218,4.4873719035566655,-7.923371599938392,3.963728756339748,-8.1143265,8.859512580528618,-2.406671122464454,5.784273422972248,-4.038003,6.264972858952178,handwash,
-5.002198839458132,2.18220518395181,-5.264253,5.457473105233081,-7.455164867093598,3.343734238557288,-7.8544664,8.170681847535551,-0.9172040070492599,4.834969372839901,-1.2693603,4.921198230801832,handwash,
-5.532784161921181,2.171222096282905,-5.606741,5.943560042078569,-5.774374398147775,3.4787844680258013,-5.9516234,6.741315974271058,0.7477534136945816,5.794767324528124,-0.47181883,5.842812979474076,handwash,
-4.775173539063452,3.6195665230528324,-4.5,5.991956620585345,-7.456589364593912,4.134050815042029,-7.0,8.525907640452404,-2.051990716977159,7.45312070018931,-1.5,7.730438155379729,handwash,
-5.964873403225799,1.37421249714838,-5.8857603,6.121125280847418,-6.8716468090496265,3.0661911788939284,-6.688092,7.524696552941445,-1.577800821454094,4.742530132690509,-2.3123913,4.998104389832081,handwash,
-4.5986928089086305,3.281614339950637,-5.0,5.649510441346011,-7.769680430753804,4.881871443630942,-7.5,9.176088643217104,-2.6224248046522844,7.023090048928241,-2.0,7.496726331633721,handwash,
-5.531544237866009,1.3595031116233494,-5.6175184,5.696159264450229,-7.134742398410179,2.833279061200871,-7.4173756,7.676719307771455,-0.9576987778114149,4.378498712547245,-2.337539,4.482012709129612,handwash,
-3.9751914137469533,3.4359160797231483,-3.5,5.2542997709331,-7.93417393632233,6.318053394494215,-7.0,10.142431402158781,-3.002181284586296,9.228070527996367,-3.5,9.704142318370815,handwash,
-5.382598387022334,1.8112897815924531,-5.2498827,5.679184454556538,-6.940389227766749,2.848633605330084,-7.0245924,7.502247399967335,-2.5245080805498765,4.82783286248083,-3.5554066,5.448037371091672,handwash,
-5.70186958458853,5.3158179540065404,-5.640271,7.795462608453332,-7.135297727100997,5.302483482152179,-7.237749,8.88981466245891,-0.06347697302992603,5.425764885475984,-1.113684,5.426136186880062,handwash,
-0.33718064714646484,0.0754020437409071,0.0,0.34550869310397164,-0.18190657170025257,0.10024434013862943,0.0,0.20769912989121617,9.424664948232317,0.08176402065488211,9.0,9.425019614913946,nonhandwash,
3.8288338304466984,4.358525184639466,4.5,5.80144036307447,-8.243137496507616,2.7737358924465436,-8.0,8.69729421069427,1.7722506399441615,7.040036132550015,0.0,7.259681885481779,nonhandwash,
4.218202883421091,4.691830369796304,4.756509,6.3092398737601485,-8.810917306699755,3.1316271140187975,-8.551417,9.35090114196268,-1.2129436874163764,6.747132606789635,-1.8561401,6.855292174841792,nonhandwash,
4.340987784681589,3.2496684777451175,5.0,5.422593490388621,-7.540844094945271,2.6489476319634866,-8.0,7.992574880547319,2.992990948044524,6.899907714088775,1.5,7.521085113068342,nonhandwash,
1.8343521140833328,1.399196248602071,1.5,2.3070755992260206,-1.4301139438611108,1.1508450402285917,-1.5,1.835666145856793,9.025313569696964,0.7823790984612328,9.0,9.059161224145708,nonhandwash,
1.542147167693828,0.5376079637182499,1.6094531,1.6331687633185301,-2.285632189432097,0.7965718196724708,-2.2752686,2.4204630072084314,9.019841643703705,0.9898913122236683,8.938213,9.073997359901941,nonhandwash,
1.5289361124567902,0.6566239053964645,1.5878979,1.6639713306161819,-2.405380210617283,0.7393847214922556,-2.3495142,2.516454594067898,8.97959648,0.8102552971937464,8.9442005,9.01607822671581,nonhandwash,
3.669040201157686,3.477582633046161,3.7733533,5.055238566811213,-5.206841845302265,6.234935421172313,-4.6834607,8.12315343374603,5.411646154717131,6.162173006977732,5.811515,8.201115184643468,nonhandwash,
5.544904886750617,3.0079345705950975,5.867798,6.308220080505434,-5.145276616785187,4.867852162603052,-5.3971767,7.083068271603455,4.280568149264198,7.035429985396573,4.2810974,8.23532262634029,nonhandwash,
5.39719764702771,2.6245913636214806,5.492977,6.001518330145955,-5.586542931712092,5.870007429792086,-5.5073476,8.103483766484429,4.588778992078082,6.7886740007987685,3.9362147,8.194082457924031,nonhandwash,
4.685918111004965,3.6124066978680123,5.003196,5.9166976172393655,-2.7568398177915636,6.556131396994526,-2.9566517,7.112174398566058,5.246753824436729,6.187388198156509,6.3204565,8.112471781703023,nonhandwash,
3.1434026505050503,2.6378231987171237,3.0,4.1035462043082225,-5.782112429411618,9.918987932497544,-4.5,11.48125192439344,3.3600763347348503,5.275117616504376,3.0,6.254356788927218,nonhandwash,
4.749081256808644,2.631274842553713,4.4259963,5.429307513930962,-6.570739057284698,10.624725347799936,-5.484595,12.492373692581769,1.8141533728938273,4.366213062543473,2.0070264,4.7281041621253745,nonhandwash,
3.6635915749799017,2.845236571810406,3.5,4.638671617805159,-6.854879904927138,11.728556634738435,-4.0,13.584859927332374,0.4140585549371861,4.206723875185956,0.5,4.227052193784246,nonhandwash,
3.410462216668525,2.7401352398803915,3.0,4.374882131458857,-6.076711623081222,6.111223757093333,-7.0,8.618206307541746,2.573369472814723,2.4438807071242175,2.0,3.5489129820648873,nonhandwash,
1.00561329787015,4.735620213663277,0.5,4.8412144047655525,-3.6100659663470154,4.715011994957828,-5.0,5.938342731265449,7.3567582588806,4.311147800515721,7.0,8.526892015118957,nonhandwash,
2.4052936924552233,4.162278708957788,2.5,4.807286323697415,-2.569772548088808,5.453824054368127,-2.0,6.0289242626620565,6.5560799989569585,3.3091066562226574,6.0,7.343866271588873,nonhandwash,
4.088081420347398,2.0271870696477494,3.4380505,4.56310169892548,-5.709735460620343,5.658640750596265,-8.018525,8.038737100725097,3.06428187385608,2.449044022095904,3.3159046,3.9227082512731695,nonhandwash,
0.09058435617979796,0.04565603562277023,0.0,0.10143963314846999,-0.17893094181944466,0.04589611587626212,0.0,0.18472340239644988,9.426709143939386,0.05125585507053915,9.0,9.426848489665543,nonhandwash,
0.09007343201629622,0.049255939225314425,0.08981323,0.10266143727886441,-0.1790321450987655,0.04368560713768475,-0.17842895,0.18428494580310567,9.41528599876543,0.05203845824376692,9.414822,9.41542980642333,nonhandwash,
0.08515920671679003,0.0399771230050844,0.085023195,0.09407582501576392,-0.1768293190592594,0.0444903815827976,-0.17603393,0.18234034696781817,9.417935297530857,0.051949023273316665,9.416019,9.418078570998274,nonhandwash,
2.821658229034518,3.576734709296992,2.5,4.555742128585424,-6.12287046248731,9.694429672081947,-7.5,11.466102623269272,0.654539390215736,6.293109634777761,0.5,6.327057032197251,nonhandwash,
1.751551653460949,5.412840826309235,2.0,5.6891808729993665,-1.8037475960671623,8.092688592625265,-1.0,8.291267336633474,4.28247365323309,5.214948789934159,5.0,6.747982770596802,nonhandwash,
1.5895114614267993,5.572761342355977,0.60833496,5.795016450784616,-5.934519639553347,10.0201494561538,-8.400531,11.64568239631768,-0.2605044275037225,4.6730464574766675,-0.2203418,4.6803018866825505,nonhandwash,
1.4780959745648998,2.709630132067085,1.0,3.0865617056250234,3.1584259612121213,7.908111195126948,3.0,8.51550804279762,6.308251607803033,2.180598253435265,6.0,6.674507254489613,nonhandwash,
1.2878079192955558,2.081681052928359,1.3028907,2.4478245940265553,6.382969543661733,6.269999255398545,6.6916847,8.947356640819207,6.346645053333338,1.9064038697839587,6.236631,6.626784978232484,nonhandwash,
-0.26586787011679036,2.748492683051381,-0.013172608,2.7613217402445915,5.798374814099995,8.594492951993548,5.4091516,10.36756767938632,6.25679927216049,3.21326451818188,6.534811,7.033676563214628,nonhandwash,
-0.16741777956666665,0.776051516123975,-0.24788453,0.7939046974249199,4.5979437223703705,1.9115915785829285,4.580475,4.979484796381476,8.062295117679009,1.110176505271917,8.193362,8.138371731335983,nonhandwash,
-0.04539348258611109,0.06432266792612301,0.0,0.0787272117531788,-0.1038900205340909,0.05456639853281046,0.0,0.11734832003661295,9.430988172979793,0.06649414188897787,9.0,9.431222581923848,nonhandwash,
-0.043308457837530866,0.346671983444703,-0.04550537,0.3493666936411506,-0.10772856993802467,0.23833081716955778,-0.104183346,0.2615473631937456,9.419316126419751,0.555824600936713,9.426797,9.435701207458704,nonhandwash,
-0.0505467395276543,0.5009464357887691,-0.0490979,0.5034901234446887,-0.10325786759802467,0.3062581732122322,-0.10059082,0.3231969304931357,9.440690947160483,0.6511428515958938,9.431587,9.463119600479674,nonhandwash,
-0.047832382171111125,0.48067019971703034,-0.040715333,0.4830442812829618,-0.11879888274691372,0.29213547031975584,-0.09939331,0.31536694113502106,9.421110926666678,0.6667154995372946,9.432784,9.444672606812864,nonhandwash,
-0.0407744680785185,0.447932776758023,-0.04550537,0.44978475934744466,-0.0874152567750617,0.27560825287028634,-0.10298584,0.28913895650233923,9.421424330617292,0.6674800036089829,9.426797,9.445039225581077,nonhandwash,
-0.04268457019679008,0.4803615990706524,-0.041912843,0.48225432957579395,-0.1084145507666667,0.2556316699717667,-0.10178833,0.2776711463413012,9.415058340987652,0.5588906320965966,9.425599,9.43163200633096,nonhandwash,
-0.06960044969802467,0.4354417020204072,-0.04550537,0.4409690447827337,-0.10072092029358032,0.3067618430336324,-0.10538086,0.3228738641113222,9.449744706913576,0.7699379195307096,9.423204,9.481058982295835,nonhandwash,
-0.0429625108869136,0.42857288062436255,-0.04550537,0.4307208972738287,-0.11310997172913588,0.222143218256793,-0.10897339,0.24928191896335156,9.418346265432104,0.5644642118451799,9.422007,9.435245954506577,nonhandwash,
-0.035434461226172824,0.3953228225964874,-0.05029541,0.3969077161104868,-0.10216384470246916,0.2810582296497639,-0.10657837,0.2990504633306052,9.413263544197527,0.6637227355417729,9.429192,9.436633850171013,nonhandwash,
-4.503203649554431,1.6231522491293682,-5.309758,4.786801263183388,-7.36497607590152,3.1397679402368346,-8.307125,8.006310968051444,-0.6050819931324053,4.020915223915768,-0.88855225,4.066187828461775,handwash,
-5.109562140224436,2.3688968478825387,-5.1672544,5.631988773135363,-7.807727865336654,2.9091021907873458,-7.835306,8.332075970344862,-1.6505477137805484,6.1456164791102745,-1.4250367,6.36340393687042,handwash,
-4.930785189858211,2.982615004761851,-4.5,5.762693368135736,-8.03636889067164,3.109322388245647,-8.0,8.616908416653885,-2.4451451374174145,6.001017097282079,-2.0,6.480041739441791,handwash,
-4.17764468923038,2.5063321564677854,-4.2391844,4.871798028243704,-7.674258003250636,3.6713055886743833,-7.853269,8.507215797538477,-2.4599851833696205,5.752035772653765,-3.117118,6.2559925377422445,handwash,
-4.746319550377169,1.9027409946502043,-4.7133985,5.1135088312248955,-7.9667234296277964,3.276977190301696,-7.904762,8.614363685725023,-2.2151226515756828,5.2081160611913395,-2.7494824,5.659614939937422,handwash,
-4.971109676873454,2.4733201700688747,-5.093009,5.552408854107772,-6.606456315334991,3.5546922673591737,-6.5767236,7.502073190928807,0.9618796552848629,5.625785665850757,0.0011975098,5.7074229586865926,handwash,
-4.384247368517764,2.5703171215233427,-4.0,5.082140798280878,-7.670010565317263,3.2588343257895684,-7.5,8.333610456160205,-2.0444774096345184,5.562876199008683,-2.5,5.926675247050671,handwash,
-4.898401779975122,1.965125170245852,-5.0,5.277883755142514,-7.832994817288556,3.212765358373977,-7.5,8.46626653582541,-2.1884908087636803,5.342136420751142,-3.0,5.773033306500051,handwash,
-4.919867596268656,1.4246421314868791,-4.5,5.121982269358396,-7.638208813375616,3.1550527839668843,-7.5,8.264175212708539,-2.1469086340512424,4.810483905214443,-3.0,5.2678242268787745,handwash,
-4.340197858038068,2.691937949696687,-4.0,5.107234806814295,-7.565426002461932,3.461852160142904,-7.5,8.319861235466199,-2.821381625795689,5.943699669387848,-3.5,6.5793434351961535,handwash,
-4.7503722833607,2.5685958904136057,-4.5,5.4003445888916355,-7.528565150124373,2.7000009289563307,-7.5,7.9980809095702705,-3.399512747567166,5.681708956784971,-4.0,6.621065140178142,handwash,
-4.204797200903558,2.3344299685906647,-4.0,4.809353675805158,-7.896734993032993,3.1105564214242265,-8.0,8.487283711592024,-2.7857390144238576,5.440459952864201,-3.5,6.112196524589373,handwash,
-4.551764334218368,1.975466039159094,-4.4583287,4.961957741268383,-7.907403624937967,2.6964251028555264,-8.008945,8.354504199711169,-2.6224750738808913,4.816001414371001,-3.3913476,5.483725479667091,handwash,
-4.804477689348261,2.4938983796899357,-4.5,5.413181596405692,-7.397673179776124,3.1839819601644694,-7.0,8.053776107977654,-0.7405525252470144,5.785710918527073,-1.5,5.8329125550974235,handwash,
-4.161021223403553,2.556443768532892,-4.0,4.883595229263524,-7.8392393261421285,3.4861796518822277,-7.5,8.579459294019118,-3.508630651881473,5.633992833800591,-4.0,6.637195514872122,handwash,
-4.680839840861038,2.79687393406975,-4.6164002,5.45277593697658,-7.810741130124068,2.7809647699874915,-7.787406,8.291045896249962,-3.1396804181091773,5.757452161049568,-4.006868,6.557884454199582,handwash,
-4.809487452367242,2.4915342589960074,-4.6834607,5.416540641242227,-7.819322745476428,2.8984815946750717,-8.028106,8.339244795099564,-1.4975884754764266,5.3713319620170035,-2.4752526,5.5761974757055786,handwash,
-3.888685010979699,2.359738303388991,-3.5,4.548652105305407,-8.061894078172594,2.4476935037341714,-8.0,8.425279794517015,-3.4877350503680167,5.173707396578471,-3.5,6.2395147252792365,handwash,
-4.901571314726368,2.2375672700159597,-4.5,5.388145194888041,-7.511901328119402,3.7448478222496755,-7.5,8.393601537791167,-3.3254220933440317,6.243455659575808,-4.0,7.073837054384964,handwash,
-4.046434126399238,2.530843596937793,-4.0,4.772713950306408,-7.785454750736042,3.086675320639584,-7.5,8.37501463943818,-3.5795025883266556,5.353013408294909,-4.5,6.439533471395445,handwash,
-5.0210455320694765,2.699591270228881,-5.0966015,5.70076234037263,-7.714762030769236,2.8424982921424577,-7.749086,8.221760744039647,-2.9986476556402,5.428981861028144,-3.7673657,6.20207479881121,handwash,
-5.217808569397025,2.406993322152244,-5.182822,5.746228599678095,-6.588579870198506,3.339530623780601,-6.643784,7.386599318573705,1.6240966240942927,5.325378931153,2.078877,5.567526435030441,handwash,
-4.839344155419845,2.3331806719003527,-4.819977,5.372428119791421,-7.340128478905342,3.8693270130458934,-7.4401283,8.297540456106493,-2.510477143279897,5.968355745710994,-3.0668225,6.474856430400003,handwash,
-5.181740647295288,1.760497923044574,-5.3289185,5.472640045981133,-7.50372099637717,2.7532065471492158,-7.589817,7.992870265601523,-2.277681390074939,5.268609588999614,-2.7638526,5.739867552129787,handwash,
-4.605893050151525,2.158088209764883,-4.5,5.086412833280472,-7.78357034898477,2.9172153276942865,-7.5,8.312286848138086,-2.7530050572588816,5.29084183850153,-3.0,5.964230395057795,handwash,
-5.971525308482233,2.7817924140296233,-6.0,6.587676642382849,-7.420588101208118,5.6532445715077175,-7.5,9.328681683553844,-0.7460485736218269,6.848040293795762,-1.0,6.888558945066344,handwash,
-6.002926252034741,1.4934809728008012,-6.098917,6.185920222851722,-6.877785906997518,3.182418547990224,-6.6581545,7.578372305256969,-0.7629296120347399,4.574785893013558,-0.98794556,4.637965886014616,handwash,
-4.1343082428426445,2.7312058686987317,-3.5,4.954996482748596,-8.64102075342639,5.19930169054874,-8.5,10.084640684252895,-1.3927737507639582,6.957618638349141,-0.5,7.0956518965857125,handwash,
-5.376872456940299,1.8957538752784773,-5.0,5.701284081137911,-7.16646740567164,3.440402613517216,-7.0,7.949504715367497,-1.0951524693034833,5.7502681340485955,-1.0,5.853626443878721,handwash,
-5.531238162669972,2.00190443768959,-5.5169277,5.88236491471058,-7.487365889330028,3.519674831323632,-7.662865,8.273376510165354,-2.222497885244914,4.076290057865897,-3.0991552,4.642804915756688,handwash,
-5.0155204134263975,2.60103610995495,-4.5,5.649852552304925,-7.31302804042132,5.2405472966986375,-7.0,8.996872517098588,-2.280967353022335,6.2589558511689996,-3.5,6.661631963148094,handwash,
-4.666090851243785,2.2097717379804833,-5.0,5.162895986366393,-7.298032615123379,3.058659864491604,-7.0,7.913070214402022,-1.428465316191543,5.109220004574505,-2.5,5.305152421439602,handwash,
-5.740294263771713,0.8195883073331464,-5.830675,5.798508707263242,-6.6187286039454145,2.9796691294989426,-6.9994445,7.258511999988307,-0.7437516183101737,4.679928578096976,-1.526825,4.738659933549546,handwash,
-5.399604973071068,2.6420823515687863,-5.0,6.011350348938667,-7.62032600339848,4.883906916003553,-8.0,9.05107259733664,-0.5145127854045687,5.997475294785804,-0.5,6.019504407998288,handwash,
-5.912066981094528,2.041803349669344,-5.5,6.254717971872841,-7.225496894487552,4.329437453182397,-7.0,8.423291163985004,-0.20063650549999978,4.488091845336913,-0.5,4.492574253089085,handwash,
-4.95772996090711,2.593207273506929,-5.0,5.594980815753099,-7.845840836916248,3.8746557161645447,-7.5,8.750438580838633,-2.8047137743578685,5.50103272730341,-3.0,6.174769665577489,handwash,
-5.336618864701492,1.5109195015683639,-5.0,5.546384285938672,-6.874248227296025,3.4077239983798973,-7.0,7.672540096970279,-1.0237218823159204,5.089364286244403,-1.5,5.1913038179663955,handwash,
-4.9331657963426405,2.7349619914759917,-4.5,5.640579923112803,-7.798530079294408,4.366786959972845,-7.5,8.937891236273165,-1.479024883121828,6.895525760892037,-0.5,7.052360606493347,handwash,
-5.3014799849999985,1.5438032063534817,-5.0,5.521686189136693,-7.611381009450242,3.1630337242290705,-7.5,8.242445220420347,-2.0617126372711443,4.365904568528519,-2.0,4.828227594074427,handwash,
-5.063232148009947,1.430449831149883,-5.0,5.261416777264294,-7.466580648597012,3.642223344778528,-7.5,8.307563871271354,-1.6852507355149262,4.790194713702195,-2.0,5.077995218266167,handwash,
-4.743363534644669,2.482376847433863,-4.5,5.3536615913291055,-7.760471171875643,4.755032858301034,-7.5,9.101387272994995,-1.0743243133248725,6.227590475373972,-1.0,6.319577189905157,handwash,
-5.428311764367245,1.923806999642891,-5.358856,5.759132051189904,-7.2642457928536075,3.99937455638204,-7.310797,8.292422069650536,-0.8621980982042189,5.19363342549695,-0.5831873,5.264714020626966,handwash,
-4.948791161989851,2.489743571757724,-4.5,5.539797561111576,-7.971105201692897,4.203124189612079,-8.0,9.011368990878006,-2.3091969737817255,5.706802904830068,-2.5,6.156296781206989,handwash,
-5.237702168631843,1.294754594292565,-5.0,5.3953603648627935,-6.869470074639302,3.481117671289551,-6.5,7.70115571506831,0.44153853775124313,5.127804699963465,0.0,5.146779315386165,handwash,
-5.037736385179407,1.3828586960023586,-5.2498827,5.224087102994152,-5.706134041265504,3.0228993383665697,-4.382886,6.4573900383038705,3.347081399416872,5.0525814550651145,6.1863356,6.060654523596465,handwash,
-5.032078881698729,1.9346042779889274,-5.0,5.391151229937018,-7.5553900289086275,3.908867531349088,-7.5,8.506654093506276,-1.3898772555837557,5.585664718983671,-1.5,5.755988980052688,handwash,
-6.207816142288559,1.6976830818668083,-6.0,6.435767949741127,-7.049016113159202,2.699476129185807,-7.0,7.548231550212407,-0.511911587956966,3.885561799575173,-0.5,3.919138167021226,handwash,
-6.879201228030456,1.9727705389215677,-6.5,7.156481896502817,-6.542527757463703,4.323245277662075,-6.5,7.841882375298069,0.7097464133180207,4.602572536880425,0.5,4.656974761415796,handwash,
-6.492370671890546,1.6006416908656618,-6.5,6.68677282130639,-6.237274272873133,3.9188840147953035,-6.5,7.36622306724845,0.08232431888059685,4.255540878037748,-0.5,4.256337094043356,handwash,
-6.647768785203047,2.29737497312314,-6.5,7.033545449391262,-6.6266239085203065,4.153287343932621,-6.5,7.820609962544085,-0.2860376703984769,5.1921402113155315,-0.5,5.200013223333826,handwash,
-6.693796606716419,2.1966620037413453,-7.0,7.0450150440413655,-6.315157137860702,4.154503980412694,-6.0,7.559174095040923,0.5672621556865668,4.259093990700207,0.0,4.296704315506571,handwash,
-5.174919293800999,2.196125000126228,-5.0,5.621632744455407,-7.255994664650003,3.9954743695705295,-6.5,8.283312985232673,-0.22635616136069672,5.325931082697997,0.0,5.330739067843653,handwash,
-4.798653412885854,2.540148979558907,-4.831952,5.429496423735374,-7.335163343466512,4.8873070960633616,-7.364685,8.814215332436914,-2.1445765710124065,5.60983730962256,-3.131488,6.005787484532616,handwash,
-5.017971033383084,2.3785704740443414,-5.0,5.553164034302175,-7.404649690686566,4.617643160699951,-7.0,8.726480699648844,-1.4674141797935323,5.341009415537257,-2.0,5.538924620530307,handwash,
-4.835446148196519,2.234835269011416,-4.5,5.32691544251698,-7.568654929402991,4.1878192630562365,-7.5,8.649992347996672,-0.9582729378656714,5.328932547106349,-1.0,5.414407549774496,handwash,
-4.966890169330026,2.2077545921602395,-5.0487013,5.435455665663356,-7.305044298933,4.878217007019264,-7.268884,8.784114831725825,-2.6558775714168736,5.180049162172696,-3.812871,5.821219373712111,handwash,
-4.791370296385781,2.530456322277501,-4.5,5.418527338312706,-7.639495327654827,4.707797438986014,-7.5,8.973585993781036,-0.5135280451497463,6.480592079452402,0.0,6.5009064562887335,handwash,
-4.628181630099503,1.9763080031955038,-4.5,5.032480355121625,-7.190250770121895,3.8771214697490413,-7.0,8.168952015309394,-1.4994997022935321,5.68648645484676,-2.5,5.880869626027609,handwash,
-4.72031308851117,2.215606782447647,-4.778064,5.214428930189562,-7.484560825717119,4.951007924648865,-7.745493,8.97391387432458,-0.32668244205880864,5.682094520257018,0.33410522,5.691477800631778,handwash,
-4.610582388947762,2.776823337599757,-4.5,5.382213096256398,-7.81685821391543,5.25598570911351,-7.5,9.419589062738487,-3.1782415592835798,5.412996159410003,-4.0,6.277081075702688,handwash,
-4.960694599875928,2.5139976473519914,-5.140909,5.561355507799295,-5.910890372555834,4.797470652842443,-5.78996,7.61277542432835,-2.155776100523573,6.475955856717344,-3.126698,6.825347965762645,handwash,
-4.915081581065994,2.0639290660721343,-4.5,5.3308376582214105,-7.736150171040617,3.9337622143865145,-7.5,8.678853877570862,-2.2296659235989855,5.2594585649940395,-2.5,5.712557617017758,handwash,
-4.62455631052239,2.2933900908605227,-4.5,5.161991783996723,-6.960102505796021,3.5977223418737707,-6.5,7.834962216909901,-3.232078859895523,5.396883676242952,-4.0,6.290682568011293,handwash,
-4.549907156969479,2.360070847314835,-4.5780797,5.125581873444949,-7.2963764947146394,4.844774035861499,-7.232959,8.758364311398676,-1.7676076383511157,5.774736906049913,-2.6860144,6.039207158001132,handwash,
-4.420002613295286,2.512149819579876,-4.366121,5.084025945798501,-6.85250451405459,3.703065540632036,-6.4964905,7.7890636480487805,-5.760265627193545,3.970195818948477,-6.028264,6.995935601234724,handwash,
-4.350238009702235,2.4233107397767717,-4.2583447,4.979659193416304,-6.868164254913145,4.304705619873155,-6.533613,8.105687552961452,-1.8001602559019838,5.7226996609115215,-1.8561401,5.999155636914739,handwash,
-6.664477024631043,3.0166188195001924,-6.204298,7.3154113427747705,-6.674206409290081,3.9650715451786365,-6.4234424,7.763170972752953,-0.8162019328498735,5.713380051631532,-1.0693762,5.771386073515536,handwash,
-8.067890725558318,1.8681996934747398,-7.933502,8.28136648472032,-5.622219211454095,4.105038483549676,-5.8833656,6.961371259534097,0.33800679096277914,3.9814233953104363,-0.11615845,3.9957453426691543,handwash,
-7.000445464179104,2.181410981450306,-6.5,7.332447788217645,-6.2670928985888,4.491179319603196,-6.0,7.710197473500511,-1.3956827353781092,4.240042174408956,-1.5,4.46384228424338,handwash,
-6.98501206600496,2.330792983839911,-6.9850745,7.36362611053496,-6.469123069168732,4.429620448176422,-6.6090565,7.840350157930049,-1.434643449600494,4.391292621617221,-2.095642,4.61970266534021,handwash,
-7.2485802330597044,2.1013453729066525,-7.0,7.547023769098651,-6.584656405809197,3.9126788553648844,-6.5,7.659422681102257,-0.14802948171641778,3.774181556843024,0.0,3.7770834186540387,handwash,
-4.779282758708124,2.728849950967447,-4.5,5.50346851926853,-7.36209553916244,5.5794079911600996,-7.0,9.237437104499099,-1.1785076681573612,7.73272830455769,0.0,7.822018112738762,handwash,
-4.992361605597011,1.0728731352183103,-4.5,5.106342249136106,-6.810646158085071,3.2219625757973867,-7.0,7.534317748175869,-0.9988393110174134,5.49496562967203,-2.5,5.585009153126846,handwash,
-5.1673883647890815,1.816141440238792,-5.294191,5.477250427313888,-7.592630893898267,4.068819204070749,-8.093968,8.614135685394865,-0.8343612087320099,4.991271322695818,-0.83825684,5.060528435193541,handwash,
-6.189409647661692,2.194295736998423,-5.5,6.5668657339690615,-7.001023408308459,3.638401171688588,-6.5,7.890012157774396,-0.9229702222562185,4.648723279074856,-1.5,4.739462222297398,handwash,
-6.782918728358205,1.2225938616943823,-6.5,6.892221864258675,-6.164664086676612,3.658460901732925,-7.0,7.168501898658386,-0.12673645673209,3.6977537066485073,-1.0,3.6999249457925214,handwash,
-5.055235805888322,2.2045462713585766,-5.0,5.515018886250199,-7.587032850891623,3.8287366652462884,-7.5,8.49836995736888,-1.9028369260685283,5.96691228616712,-2.5,6.262972983976708,handwash,
-4.817090266641792,1.2274429228583543,-4.5,4.9710134546036135,-6.101872276268659,3.5607822036228973,-6.0,7.064843606020838,2.075013341875621,5.264703835725804,2.5,5.658867982809621,handwash,
-5.838251370173263,2.4298614259228044,-6.0,6.323717704840848,-5.640611876707925,3.3486332112207466,-4.5,6.559713921121031,3.9013682651361368,4.565307241426722,5.5,6.00522310566682,handwash,
-4.882581643058371,2.2755741862022942,-4.5,5.38682108279464,-7.754890858213199,4.6320007976976845,-7.5,9.032926636072641,-1.1946162952309656,6.072002556257444,-1.5,6.188402308837742,handwash,
-7.242693974875621,2.0466970428952673,-7.0,7.5263261156487085,-5.499259742582089,3.805186169811133,-5.5,6.687398560225489,1.0255866837975125,4.0102942552221865,1.0,4.139358411571876,handwash,
-7.533873524999997,2.843827912442087,-7.5,8.052739129406882,-5.757221841432838,4.614981962736513,-6.0,7.378594842370372,1.2688211791783588,4.250311396243244,1.0,4.435657127164672,handwash,
-6.456392137974624,2.880351302057299,-6.0,7.069754101987118,-7.390711129499248,4.632810459822246,-7.0,8.722702778172733,-0.8571738315380709,6.085283766869818,-1.0,6.145358044963939,handwash,
-6.2064399216417865,1.378336284046085,-6.0,6.357649519505377,-6.530625485472634,3.732214284986301,-7.0,7.5218676338101345,-0.16691557490049783,4.240349309107887,0.0,4.243633239618626,handwash,
-6.197820258560791,1.4871256793085927,-6.12167,6.373736639012131,-6.6163603331662575,3.8641494309376205,-6.9036436,7.662106425971342,-1.0228545956451611,4.886297533905433,-2.015409,4.992207438967532,handwash,
-5.368992478131979,2.156291771041285,-5.0,5.785816660774705,-7.853484832293657,4.643752542266605,-8.0,9.123686847150882,-1.1670431702157358,5.556090062475453,-0.5,5.677334457602938,handwash,
-5.057722615384615,0.8927441349321648,-5.0666637,5.135907918238877,-7.1490530542431765,2.585753987294936,-7.253317,7.602307758516182,-1.5442497621769233,4.629908182595886,-2.15911,4.880651299493934,handwash,
-5.089860356706469,1.8135642419219258,-5.0,5.40330396242428,-7.707869910485069,3.7161943030935674,-7.0,8.55694797549373,-2.340318349810945,4.397548054689614,-3.0,4.98151772773783,handwash,
-4.875347512337467,1.9283092997978313,-4.9157777,5.242841798275237,-6.436002846327541,3.8129417816750206,-5.8510327,7.480685641595914,0.956415092808932,5.8290456892849765,1.2394226,5.9069876821883165,handwash,
-5.121965069038069,2.270488018808625,-5.0,5.602645983104742,-7.799675909979703,4.564680741793616,-8.0,9.037214978920174,-1.4455918440558368,6.032185759854213,-1.0,6.202983219466961,handwash,
-5.2739551478109385,0.9804934908334699,-5.0,5.364323851771847,-6.208870680955225,2.8710942953976364,-6.0,6.840559742147582,1.2657976111542282,5.421095030967612,2.0,5.566912512981091,handwash,
-5.531702743507466,3.074029327916079,-5.5,6.328458860687665,-6.327704148398008,3.429271939486987,-6.0,7.19720402827419,0.8909562043855724,5.995703930005034,0.5,6.061540115714071,handwash,
